rosbagTimestamp,header,seq,stamp,secs,nsecs,frame_id,orientation,x,y,z,w,orientation_covariance,angular_velocity,x,y,z,angular_velocity_covariance,linear_acceleration,x,y,z,linear_acceleration_covariance
1617797303100183864,,3232,,1617797303,97326896,"""base_link""",,0.0,0.0,0.0,0.0,"[-1.0, 0.0, 0.0, 0.0, 0.0, 0.0, 0.0, 0.0, 0.0]",,0.00750483013689518,-0.017043329775333405,0.008632816374301912,"[1.2184696791468346e-07, 0.0, 0.0, 0.0, 1.2184696791468346e-07, 0.0, 0.0, 0.0, 1.2184696791468346e-07]",,1.2565865516662598,0.3467434644699085,-9.69144344329834,"[8.999999999999999e-08, 0.0, 0.0, 0.0, 8.999999999999999e-08, 0.0, 0.0, 0.0, 8.999999999999999e-08]"
1617797303122448551,,3233,,1617797303,117313328,"""base_link""",,0.0,0.0,0.0,0.0,"[-1.0, 0.0, 0.0, 0.0, 0.0, 0.0, 0.0, 0.0, 0.0]",,0.026496736332774162,-0.015900466591119763,0.02947892062366009,"[1.2184696791468346e-07, 0.0, 0.0, 0.0, 1.2184696791468346e-07, 0.0, 0.0, 0.0, 1.2184696791468346e-07]",,1.330771565437317,0.4026451110839832,-9.637513160705566,"[8.999999999999999e-08, 0.0, 0.0, 0.0, 8.999999999999999e-08, 0.0, 0.0, 0.0, 8.999999999999999e-08]"
1617797303140604591,,3234,,1617797303,137313328,"""base_link""",,0.0,0.0,0.0,0.0,"[-1.0, 0.0, 0.0, 0.0, 0.0, 0.0, 0.0, 0.0, 0.0]",,0.028445063158869743,-0.02099529094994068,0.011649436317384245,"[1.2184696791468346e-07, 0.0, 0.0, 0.0, 1.2184696791468346e-07, 0.0, 0.0, 0.0, 1.2184696791468346e-07]",,1.3965766429901123,0.3161130845546711,-9.559418678283691,"[8.999999999999999e-08, 0.0, 0.0, 0.0, 8.999999999999999e-08, 0.0, 0.0, 0.0, 8.999999999999999e-08]"
1617797303161898498,,3235,,1617797303,157313328,"""base_link""",,0.0,0.0,0.0,0.0,"[-1.0, 0.0, 0.0, 0.0, 0.0, 0.0, 0.0, 0.0, 0.0]",,0.012326659634709358,-0.033778056502342224,-0.015158462338149544,"[1.2184696791468346e-07, 0.0, 0.0, 0.0, 1.2184696791468346e-07, 0.0, 0.0, 0.0, 1.2184696791468346e-07]",,1.3827500343322754,0.32587051391601446,-9.564132690429688,"[8.999999999999999e-08, 0.0, 0.0, 0.0, 8.999999999999999e-08, 0.0, 0.0, 0.0, 8.999999999999999e-08]"
1617797303179719490,,3236,,1617797303,177313328,"""base_link""",,0.0,0.0,0.0,0.0,"[-1.0, 0.0, 0.0, 0.0, 0.0, 0.0, 0.0, 0.0, 0.0]",,-0.003016972914338112,-0.04074744135141373,-0.014942667447030539,"[1.2184696791468346e-07, 0.0, 0.0, 0.0, 1.2184696791468346e-07, 0.0, 0.0, 0.0, 1.2184696791468346e-07]",,1.3298975229263306,0.35264709591865423,-9.592870712280273,"[8.999999999999999e-08, 0.0, 0.0, 0.0, 8.999999999999999e-08, 0.0, 0.0, 0.0, 8.999999999999999e-08]"
1617797303200665226,,3237,,1617797303,197313328,"""base_link""",,0.0,0.0,0.0,0.0,"[-1.0, 0.0, 0.0, 0.0, 0.0, 0.0, 0.0, 0.0, 0.0]",,-0.00551116606220603,-0.03395367041230202,0.007443679962307219,"[1.2184696791468346e-07, 0.0, 0.0, 0.0, 1.2184696791468346e-07, 0.0, 0.0, 0.0, 1.2184696791468346e-07]",,1.3149367570877075,0.36812451481819036,-9.600024223327637,"[8.999999999999999e-08, 0.0, 0.0, 0.0, 8.999999999999999e-08, 0.0, 0.0, 0.0, 8.999999999999999e-08]"
1617797303222178549,,3238,,1617797303,217299760,"""base_link""",,0.0,0.0,0.0,0.0,"[-1.0, 0.0, 0.0, 0.0, 0.0, 0.0, 0.0, 0.0, 0.0]",,-0.0017769456608220935,-0.022088943049311634,0.01512095890939236,"[1.2184696791468346e-07, 0.0, 0.0, 0.0, 1.2184696791468346e-07, 0.0, 0.0, 0.0, 1.2184696791468346e-07]",,1.366970181465149,0.29819133877754095,-9.606405258178711,"[8.999999999999999e-08, 0.0, 0.0, 0.0, 8.999999999999999e-08, 0.0, 0.0, 0.0, 8.999999999999999e-08]"
1617797303240614438,,3239,,1617797303,237299760,"""base_link""",,0.0,0.0,0.0,0.0,"[-1.0, 0.0, 0.0, 0.0, 0.0, 0.0, 0.0, 0.0, 0.0]",,-0.0008717165910638869,0.0029894015751779084,0.0027451235800981517,"[1.2184696791468346e-07, 0.0, 0.0, 0.0, 1.2184696791468346e-07, 0.0, 0.0, 0.0, 1.2184696791468346e-07]",,1.4141221046447754,0.23425945639610174,-9.565136909484863,"[8.999999999999999e-08, 0.0, 0.0, 0.0, 8.999999999999999e-08, 0.0, 0.0, 0.0, 8.999999999999999e-08]"
1617797303260447200,,3240,,1617797303,257299760,"""base_link""",,0.0,0.0,0.0,0.0,"[-1.0, 0.0, 0.0, 0.0, 0.0, 0.0, 0.0, 0.0, 0.0]",,-0.01464779395610094,0.03139633312821388,-0.0024474875535815993,"[1.2184696791468346e-07, 0.0, 0.0, 0.0, 1.2184696791468346e-07, 0.0, 0.0, 0.0, 1.2184696791468346e-07]",,1.3424946069717407,0.224430128931998,-9.704977035522461,"[8.999999999999999e-08, 0.0, 0.0, 0.0, 8.999999999999999e-08, 0.0, 0.0, 0.0, 8.999999999999999e-08]"
1617797303281508343,,3241,,1617797303,277299760,"""base_link""",,0.0,0.0,0.0,0.0,"[-1.0, 0.0, 0.0, 0.0, 0.0, 0.0, 0.0, 0.0, 0.0]",,-0.026705296710133553,0.05192174017429352,0.019242685288190835,"[1.2184696791468346e-07, 0.0, 0.0, 0.0, 1.2184696791468346e-07, 0.0, 0.0, 0.0, 1.2184696791468346e-07]",,1.2254512310028076,0.26670742034911993,-9.692342758178711,"[8.999999999999999e-08, 0.0, 0.0, 0.0, 8.999999999999999e-08, 0.0, 0.0, 0.0, 8.999999999999999e-08]"
1617797303299892272,,3242,,1617797303,297299760,"""base_link""",,0.0,0.0,0.0,0.0,"[-1.0, 0.0, 0.0, 0.0, 0.0, 0.0, 0.0, 0.0, 0.0]",,-0.011760794557631016,0.06474707275629044,0.04319553822278976,"[1.2184696791468346e-07, 0.0, 0.0, 0.0, 1.2184696791468346e-07, 0.0, 0.0, 0.0, 1.2184696791468346e-07]",,1.2336727380752563,0.35219389200210455,-9.60770034790039,"[8.999999999999999e-08, 0.0, 0.0, 0.0, 8.999999999999999e-08, 0.0, 0.0, 0.0, 8.999999999999999e-08]"
1617797303321133194,,3243,,1617797303,317285680,"""base_link""",,0.0,0.0,0.0,0.0,"[-1.0, 0.0, 0.0, 0.0, 0.0, 0.0, 0.0, 0.0, 0.0]",,0.014703982509672642,0.05467627197504044,0.044653918594121926,"[1.2184696791468346e-07, 0.0, 0.0, 0.0, 1.2184696791468346e-07, 0.0, 0.0, 0.0, 1.2184696791468346e-07]",,1.384310245513916,0.2791582047939289,-9.570664405822754,"[8.999999999999999e-08, 0.0, 0.0, 0.0, 8.999999999999999e-08, 0.0, 0.0, 0.0, 8.999999999999999e-08]"
1617797303339263185,,3244,,1617797303,337285680,"""base_link""",,0.0,0.0,0.0,0.0,"[-1.0, 0.0, 0.0, 0.0, 0.0, 0.0, 0.0, 0.0, 0.0]",,0.026353944092988968,0.020300723612308506,0.02300992794334888,"[1.2184696791468346e-07, 0.0, 0.0, 0.0, 1.2184696791468346e-07, 0.0, 0.0, 0.0, 1.2184696791468346e-07]",,1.467803716659546,0.22924332320690038,-9.6107759475708,"[8.999999999999999e-08, 0.0, 0.0, 0.0, 8.999999999999999e-08, 0.0, 0.0, 0.0, 8.999999999999999e-08]"
1617797303360492545,,3245,,1617797303,357285680,"""base_link""",,0.0,0.0,0.0,0.0,"[-1.0, 0.0, 0.0, 0.0, 0.0, 0.0, 0.0, 0.0, 0.0]",,0.03409530967473984,-0.023789767175912857,0.0061655766330659416,"[1.2184696791468346e-07, 0.0, 0.0, 0.0, 1.2184696791468346e-07, 0.0, 0.0, 0.0, 1.2184696791468346e-07]",,1.4293556213378906,0.28754413127899053,-9.603470802307129,"[8.999999999999999e-08, 0.0, 0.0, 0.0, 8.999999999999999e-08, 0.0, 0.0, 0.0, 8.999999999999999e-08]"
1617797303381846162,,3246,,1617797303,377288680,"""base_link""",,0.0,0.0,0.0,0.0,"[-1.0, 0.0, 0.0, 0.0, 0.0, 0.0, 0.0, 0.0, 0.0]",,0.04915429651737213,-0.05517348274588585,0.0127720469608903,"[1.2184696791468346e-07, 0.0, 0.0, 0.0, 1.2184696791468346e-07, 0.0, 0.0, 0.0, 1.2184696791468346e-07]",,1.323487639427185,0.3553924858570087,-9.582180976867676,"[8.999999999999999e-08, 0.0, 0.0, 0.0, 8.999999999999999e-08, 0.0, 0.0, 0.0, 8.999999999999999e-08]"
1617797303400176531,,3247,,1617797303,397285680,"""base_link""",,0.0,0.0,0.0,0.0,"[-1.0, 0.0, 0.0, 0.0, 0.0, 0.0, 0.0, 0.0, 0.0]",,0.050213273614645004,-0.06748054921627045,0.013366124592721471,"[1.2184696791468346e-07, 0.0, 0.0, 0.0, 1.2184696791468346e-07, 0.0, 0.0, 0.0, 1.2184696791468346e-07]",,1.315585732460022,0.32930812239646795,-9.586230278015137,"[8.999999999999999e-08, 0.0, 0.0, 0.0, 8.999999999999999e-08, 0.0, 0.0, 0.0, 8.999999999999999e-08]"
1617797303421301734,,3248,,1617797303,417285680,"""base_link""",,0.0,0.0,0.0,0.0,"[-1.0, 0.0, 0.0, 0.0, 0.0, 0.0, 0.0, 0.0, 0.0]",,0.042347922921180725,-0.06445258855819702,0.013096594251692304,"[1.2184696791468346e-07, 0.0, 0.0, 0.0, 1.2184696791468346e-07, 0.0, 0.0, 0.0, 1.2184696791468346e-07]",,1.2845722436904907,0.262335419654845,-9.588184356689453,"[8.999999999999999e-08, 0.0, 0.0, 0.0, 8.999999999999999e-08, 0.0, 0.0, 0.0, 8.999999999999999e-08]"
1617797303439615066,,3249,,1617797303,437271600,"""base_link""",,0.0,0.0,0.0,0.0,"[-1.0, 0.0, 0.0, 0.0, 0.0, 0.0, 0.0, 0.0, 0.0]",,0.028917083516716957,-0.046508900821208954,0.012417535297572618,"[1.2184696791468346e-07, 0.0, 0.0, 0.0, 1.2184696791468346e-07, 0.0, 0.0, 0.0, 1.2184696791468346e-07]",,1.2658360004425049,0.2433705180883396,-9.565673828125,"[8.999999999999999e-08, 0.0, 0.0, 0.0, 8.999999999999999e-08, 0.0, 0.0, 0.0, 8.999999999999999e-08]"
1617797303460782779,,3250,,1617797303,457271600,"""base_link""",,0.0,0.0,0.0,0.0,"[-1.0, 0.0, 0.0, 0.0, 0.0, 0.0, 0.0, 0.0, 0.0]",,0.004430175758898258,-0.027846049517393112,0.013929897919297222,"[1.2184696791468346e-07, 0.0, 0.0, 0.0, 1.2184696791468346e-07, 0.0, 0.0, 0.0, 1.2184696791468346e-07]",,1.209322452545166,0.28988793492317083,-9.629836082458496,"[8.999999999999999e-08, 0.0, 0.0, 0.0, 8.999999999999999e-08, 0.0, 0.0, 0.0, 8.999999999999999e-08]"
1617797303481691829,,3251,,1617797303,477271600,"""base_link""",,0.0,0.0,0.0,0.0,"[-1.0, 0.0, 0.0, 0.0, 0.0, 0.0, 0.0, 0.0, 0.0]",,-0.011137108318507671,-0.011237058788537977,0.016417961567640305,"[1.2184696791468346e-07, 0.0, 0.0, 0.0, 1.2184696791468346e-07, 0.0, 0.0, 0.0, 1.2184696791468346e-07]",,1.2777152061462402,0.17424994707107427,-9.589094161987305,"[8.999999999999999e-08, 0.0, 0.0, 0.0, 8.999999999999999e-08, 0.0, 0.0, 0.0, 8.999999999999999e-08]"
1617797303499868993,,3252,,1617797303,497271600,"""base_link""",,0.0,0.0,0.0,0.0,"[-1.0, 0.0, 0.0, 0.0, 0.0, 0.0, 0.0, 0.0, 0.0]",,-0.022450603544712067,-0.0018590053077787148,0.010600839741528034,"[1.2184696791468346e-07, 0.0, 0.0, 0.0, 1.2184696791468346e-07, 0.0, 0.0, 0.0, 1.2184696791468346e-07]",,1.40733003616333,0.12767775356769445,-9.539983749389648,"[8.999999999999999e-08, 0.0, 0.0, 0.0, 8.999999999999999e-08, 0.0, 0.0, 0.0, 8.999999999999999e-08]"
1617797303521263608,,3253,,1617797303,517271600,"""base_link""",,0.0,0.0,0.0,0.0,"[-1.0, 0.0, 0.0, 0.0, 0.0, 0.0, 0.0, 0.0, 0.0]",,-0.039196472615003586,0.0004507883568294345,-0.00109587621409446,"[1.2184696791468346e-07, 0.0, 0.0, 0.0, 1.2184696791468346e-07, 0.0, 0.0, 0.0, 1.2184696791468346e-07]",,1.4114271402359009,0.16739805042743564,-9.6610746383667,"[8.999999999999999e-08, 0.0, 0.0, 0.0, 8.999999999999999e-08, 0.0, 0.0, 0.0, 8.999999999999999e-08]"
1617797303539713671,,3254,,1617797303,537258800,"""base_link""",,0.0,0.0,0.0,0.0,"[-1.0, 0.0, 0.0, 0.0, 0.0, 0.0, 0.0, 0.0, 0.0]",,-0.03531111031770706,-0.003857379080727694,0.020202292129397392,"[1.2184696791468346e-07, 0.0, 0.0, 0.0, 1.2184696791468346e-07, 0.0, 0.0, 0.0, 1.2184696791468346e-07]",,1.2692707777023315,0.3101599514484394,-9.68709659576416,"[8.999999999999999e-08, 0.0, 0.0, 0.0, 8.999999999999999e-08, 0.0, 0.0, 0.0, 8.999999999999999e-08]"
1617797303560971605,,3255,,1617797303,557258800,"""base_link""",,0.0,0.0,0.0,0.0,"[-1.0, 0.0, 0.0, 0.0, 0.0, 0.0, 0.0, 0.0, 0.0]",,-0.014126382768154144,-0.015449852682650082,0.05407806113362312,"[1.2184696791468346e-07, 0.0, 0.0, 0.0, 1.2184696791468346e-07, 0.0, 0.0, 0.0, 1.2184696791468346e-07]",,1.2747445106506348,0.38918769359588506,-9.711244583129883,"[8.999999999999999e-08, 0.0, 0.0, 0.0, 8.999999999999999e-08, 0.0, 0.0, 0.0, 8.999999999999999e-08]"
1617797303581626767,,3256,,1617797303,577258800,"""base_link""",,0.0,0.0,0.0,0.0,"[-1.0, 0.0, 0.0, 0.0, 0.0, 0.0, 0.0, 0.0, 0.0]",,0.01982416957616806,-0.03374234586954116,0.05621770396828652,"[1.2184696791468346e-07, 0.0, 0.0, 0.0, 1.2184696791468346e-07, 0.0, 0.0, 0.0, 1.2184696791468346e-07]",,1.3053227663040161,0.3384671509265888,-9.632169723510742,"[8.999999999999999e-08, 0.0, 0.0, 0.0, 8.999999999999999e-08, 0.0, 0.0, 0.0, 8.999999999999999e-08]"
1617797303599841379,,3257,,1617797303,597258800,"""base_link""",,0.0,0.0,0.0,0.0,"[-1.0, 0.0, 0.0, 0.0, 0.0, 0.0, 0.0, 0.0, 0.0]",,0.0422050841152668,-0.04442936182022094,0.033725902438163764,"[1.2184696791468346e-07, 0.0, 0.0, 0.0, 1.2184696791468346e-07, 0.0, 0.0, 0.0, 1.2184696791468346e-07]",,1.4044629335403442,0.3293806314468372,-9.583573341369629,"[8.999999999999999e-08, 0.0, 0.0, 0.0, 8.999999999999999e-08, 0.0, 0.0, 0.0, 8.999999999999999e-08]"
1617797303621607102,,3258,,1617797303,617245232,"""base_link""",,0.0,0.0,0.0,0.0,"[-1.0, 0.0, 0.0, 0.0, 0.0, 0.0, 0.0, 0.0, 0.0]",,0.050652727484703064,-0.05488867685198784,0.013341896235942848,"[1.2184696791468346e-07, 0.0, 0.0, 0.0, 1.2184696791468346e-07, 0.0, 0.0, 0.0, 1.2184696791468346e-07]",,1.2624766826629639,0.31159117817878607,-9.631765365600586,"[8.999999999999999e-08, 0.0, 0.0, 0.0, 8.999999999999999e-08, 0.0, 0.0, 0.0, 8.999999999999999e-08]"
1617797303640465872,,3259,,1617797303,637245232,"""base_link""",,0.0,0.0,0.0,0.0,"[-1.0, 0.0, 0.0, 0.0, 0.0, 0.0, 0.0, 0.0, 0.0]",,0.04375602677464485,-0.054892610758543015,0.008100662380456931,"[1.2184696791468346e-07, 0.0, 0.0, 0.0, 1.2184696791468346e-07, 0.0, 0.0, 0.0, 1.2184696791468346e-07]",,1.2606496810913086,0.25707954168319586,-9.64393424987793,"[8.999999999999999e-08, 0.0, 0.0, 0.0, 8.999999999999999e-08, 0.0, 0.0, 0.0, 8.999999999999999e-08]"
1617797303661166356,,3260,,1617797303,657245232,"""base_link""",,0.0,0.0,0.0,0.0,"[-1.0, 0.0, 0.0, 0.0, 0.0, 0.0, 0.0, 0.0, 0.0]",,0.0341419018805027,-0.04307366907596588,0.004339227918535476,"[1.2184696791468346e-07, 0.0, 0.0, 0.0, 1.2184696791468346e-07, 0.0, 0.0, 0.0, 1.2184696791468346e-07]",,1.215215802192688,0.21421350538730505,-9.60629653930664,"[8.999999999999999e-08, 0.0, 0.0, 0.0, 8.999999999999999e-08, 0.0, 0.0, 0.0, 8.999999999999999e-08]"
1617797303681480771,,3261,,1617797303,677245232,"""base_link""",,0.0,0.0,0.0,0.0,"[-1.0, 0.0, 0.0, 0.0, 0.0, 0.0, 0.0, 0.0, 0.0]",,0.015034791082143784,-0.022553276270627975,-0.00200582551769912,"[1.2184696791468346e-07, 0.0, 0.0, 0.0, 1.2184696791468346e-07, 0.0, 0.0, 0.0, 1.2184696791468346e-07]",,1.2320582866668701,0.1809622794389713,-9.602575302124023,"[8.999999999999999e-08, 0.0, 0.0, 0.0, 8.999999999999999e-08, 0.0, 0.0, 0.0, 8.999999999999999e-08]"
1617797303699629323,,3262,,1617797303,697245232,"""base_link""",,0.0,0.0,0.0,0.0,"[-1.0, 0.0, 0.0, 0.0, 0.0, 0.0, 0.0, 0.0, 0.0]",,-0.026943834498524666,0.005683135706931352,-0.004082644358277322,"[1.2184696791468346e-07, 0.0, 0.0, 0.0, 1.2184696791468346e-07, 0.0, 0.0, 0.0, 1.2184696791468346e-07]",,1.1922904253005981,0.18835338950157046,-9.639646530151367,"[8.999999999999999e-08, 0.0, 0.0, 0.0, 8.999999999999999e-08, 0.0, 0.0, 0.0, 8.999999999999999e-08]"
1617797303721362798,,3263,,1617797303,717245232,"""base_link""",,0.0,0.0,0.0,0.0,"[-1.0, 0.0, 0.0, 0.0, 0.0, 0.0, 0.0, 0.0, 0.0]",,-0.058350689709186554,0.0333232581615448,0.0025978598278015813,"[1.2184696791468346e-07, 0.0, 0.0, 0.0, 1.2184696791468346e-07, 0.0, 0.0, 0.0, 1.2184696791468346e-07]",,1.2241084575653076,0.19055157899856448,-9.672346115112305,"[8.999999999999999e-08, 0.0, 0.0, 0.0, 8.999999999999999e-08, 0.0, 0.0, 0.0, 8.999999999999999e-08]"
1617797303739671068,,3264,,1617797303,737231152,"""base_link""",,0.0,0.0,0.0,0.0,"[-1.0, 0.0, 0.0, 0.0, 0.0, 0.0, 0.0, 0.0, 0.0]",,-0.058821797370910645,0.04189921170473099,0.0074438918381929346,"[1.2184696791468346e-07, 0.0, 0.0, 0.0, 1.2184696791468346e-07, 0.0, 0.0, 0.0, 1.2184696791468346e-07]",,1.3182878494262695,0.2809740006923664,-9.569677352905273,"[8.999999999999999e-08, 0.0, 0.0, 0.0, 8.999999999999999e-08, 0.0, 0.0, 0.0, 8.999999999999999e-08]"
1617797303760901791,,3265,,1617797303,757231152,"""base_link""",,0.0,0.0,0.0,0.0,"[-1.0, 0.0, 0.0, 0.0, 0.0, 0.0, 0.0, 0.0, 0.0]",,-0.04934205114841461,0.04386965557932854,-0.00480940099805594,"[1.2184696791468346e-07, 0.0, 0.0, 0.0, 1.2184696791468346e-07, 0.0, 0.0, 0.0, 1.2184696791468346e-07]",,1.4248528480529785,0.19279471039771917,-9.545391082763672,"[8.999999999999999e-08, 0.0, 0.0, 0.0, 8.999999999999999e-08, 0.0, 0.0, 0.0, 8.999999999999999e-08]"
1617797303780653507,,3266,,1617797303,777231152,"""base_link""",,0.0,0.0,0.0,0.0,"[-1.0, 0.0, 0.0, 0.0, 0.0, 0.0, 0.0, 0.0, 0.0]",,-0.03405661880970001,0.03633923828601837,-0.005995903629809622,"[1.2184696791468346e-07, 0.0, 0.0, 0.0, 1.2184696791468346e-07, 0.0, 0.0, 0.0, 1.2184696791468346e-07]",,1.326177954673767,0.24597367644309878,-9.642932891845703,"[8.999999999999999e-08, 0.0, 0.0, 0.0, 8.999999999999999e-08, 0.0, 0.0, 0.0, 8.999999999999999e-08]"
1617797303801747711,,3267,,1617797303,797231152,"""base_link""",,0.0,0.0,0.0,0.0,"[-1.0, 0.0, 0.0, 0.0, 0.0, 0.0, 0.0, 0.0, 0.0]",,-0.021008780226111412,0.0175076462328434,0.0038616410456597783,"[1.2184696791468346e-07, 0.0, 0.0, 0.0, 1.2184696791468346e-07, 0.0, 0.0, 0.0, 1.2184696791468346e-07]",,1.2635124921798706,0.2524273991584766,-9.626755714416504,"[8.999999999999999e-08, 0.0, 0.0, 0.0, 8.999999999999999e-08, 0.0, 0.0, 0.0, 8.999999999999999e-08]"
1617797303819880776,,3268,,1617797303,817231152,"""base_link""",,0.0,0.0,0.0,0.0,"[-1.0, 0.0, 0.0, 0.0, 0.0, 0.0, 0.0, 0.0, 0.0]",,-0.00960374716669321,-0.001860985998064279,0.0053231678903102875,"[1.2184696791468346e-07, 0.0, 0.0, 0.0, 1.2184696791468346e-07, 0.0, 0.0, 0.0, 1.2184696791468346e-07]",,1.336992859840393,0.23497654497623327,-9.603269577026367,"[8.999999999999999e-08, 0.0, 0.0, 0.0, 8.999999999999999e-08, 0.0, 0.0, 0.0, 8.999999999999999e-08]"
1617797303841886063,,3269,,1617797303,837217328,"""base_link""",,0.0,0.0,0.0,0.0,"[-1.0, 0.0, 0.0, 0.0, 0.0, 0.0, 0.0, 0.0, 0.0]",,-0.005241930950433016,-0.02073419652879238,0.011127507314085962,"[1.2184696791468346e-07, 0.0, 0.0, 0.0, 1.2184696791468346e-07, 0.0, 0.0, 0.0, 1.2184696791468346e-07]",,1.2752684354782104,0.2419753968715656,-9.596319198608398,"[8.999999999999999e-08, 0.0, 0.0, 0.0, 8.999999999999999e-08, 0.0, 0.0, 0.0, 8.999999999999999e-08]"
1617797303859625634,,3270,,1617797303,857217328,"""base_link""",,0.0,0.0,0.0,0.0,"[-1.0, 0.0, 0.0, 0.0, 0.0, 0.0, 0.0, 0.0, 0.0]",,-0.014014430344104767,-0.035732533782720566,0.010512809269130235,"[1.2184696791468346e-07, 0.0, 0.0, 0.0, 1.2184696791468346e-07, 0.0, 0.0, 0.0, 1.2184696791468346e-07]",,1.2940596342086792,0.24214018881320837,-9.613590240478516,"[8.999999999999999e-08, 0.0, 0.0, 0.0, 8.999999999999999e-08, 0.0, 0.0, 0.0, 8.999999999999999e-08]"
1617797303880462438,,3271,,1617797303,877217328,"""base_link""",,0.0,0.0,0.0,0.0,"[-1.0, 0.0, 0.0, 0.0, 0.0, 0.0, 0.0, 0.0, 0.0]",,-0.028313027694821358,-0.03341571241617203,0.0007127420976758044,"[1.2184696791468346e-07, 0.0, 0.0, 0.0, 1.2184696791468346e-07, 0.0, 0.0, 0.0, 1.2184696791468346e-07]",,1.2870888710021973,0.25874516367912176,-9.641944885253906,"[8.999999999999999e-08, 0.0, 0.0, 0.0, 8.999999999999999e-08, 0.0, 0.0, 0.0, 8.999999999999999e-08]"
1617797303901710835,,3272,,1617797303,897217328,"""base_link""",,0.0,0.0,0.0,0.0,"[-1.0, 0.0, 0.0, 0.0, 0.0, 0.0, 0.0, 0.0, 0.0]",,-0.039178516715765,-0.01832975447177887,-0.00203226297162473,"[1.2184696791468346e-07, 0.0, 0.0, 0.0, 1.2184696791468346e-07, 0.0, 0.0, 0.0, 1.2184696791468346e-07]",,1.1640195846557617,0.37001153826713445,-9.674468994140625,"[8.999999999999999e-08, 0.0, 0.0, 0.0, 8.999999999999999e-08, 0.0, 0.0, 0.0, 8.999999999999999e-08]"
1617797303920114263,,3273,,1617797303,917217328,"""base_link""",,0.0,0.0,0.0,0.0,"[-1.0, 0.0, 0.0, 0.0, 0.0, 0.0, 0.0, 0.0, 0.0]",,-0.037821214646101,0.00696822302415967,-0.0015164639335125693,"[1.2184696791468346e-07, 0.0, 0.0, 0.0, 1.2184696791468346e-07, 0.0, 0.0, 0.0, 1.2184696791468346e-07]",,1.2496967315673828,0.37814831733703497,-9.614567756652832,"[8.999999999999999e-08, 0.0, 0.0, 0.0, 8.999999999999999e-08, 0.0, 0.0, 0.0, 8.999999999999999e-08]"
1617797303941802427,,3274,,1617797303,937203760,"""base_link""",,0.0,0.0,0.0,0.0,"[-1.0, 0.0, 0.0, 0.0, 0.0, 0.0, 0.0, 0.0, 0.0]",,-0.034065570682287216,0.03105472400784492,-0.019787527620792392,"[1.2184696791468346e-07, 0.0, 0.0, 0.0, 1.2184696791468346e-07, 0.0, 0.0, 0.0, 1.2184696791468346e-07]",,1.3096776008605957,0.3410061597824085,-9.622933387756348,"[8.999999999999999e-08, 0.0, 0.0, 0.0, 8.999999999999999e-08, 0.0, 0.0, 0.0, 8.999999999999999e-08]"
1617797303959899894,,3275,,1617797303,957203760,"""base_link""",,0.0,0.0,0.0,0.0,"[-1.0, 0.0, 0.0, 0.0, 0.0, 0.0, 0.0, 0.0, 0.0]",,-0.0391777902841568,0.04340746626257896,-0.040476389229297645,"[1.2184696791468346e-07, 0.0, 0.0, 0.0, 1.2184696791468346e-07, 0.0, 0.0, 0.0, 1.2184696791468346e-07]",,1.3575992584228516,0.2983183860778797,-9.64999008178711,"[8.999999999999999e-08, 0.0, 0.0, 0.0, 8.999999999999999e-08, 0.0, 0.0, 0.0, 8.999999999999999e-08]"
1617797303980377727,,3276,,1617797303,977203760,"""base_link""",,0.0,0.0,0.0,0.0,"[-1.0, 0.0, 0.0, 0.0, 0.0, 0.0, 0.0, 0.0, 0.0]",,-0.046944621950387955,0.05431434884667396,-0.047258120030164726,"[1.2184696791468346e-07, 0.0, 0.0, 0.0, 1.2184696791468346e-07, 0.0, 0.0, 0.0, 1.2184696791468346e-07]",,1.3647887706756592,0.2872659862041462,-9.606293678283691,"[8.999999999999999e-08, 0.0, 0.0, 0.0, 8.999999999999999e-08, 0.0, 0.0, 0.0, 8.999999999999999e-08]"
1617797304001401972,,3277,,1617797303,997203760,"""base_link""",,0.0,0.0,0.0,0.0,"[-1.0, 0.0, 0.0, 0.0, 0.0, 0.0, 0.0, 0.0, 0.0]",,-0.04805006459355354,0.07735051959753036,-0.04242349416017533,"[1.2184696791468346e-07, 0.0, 0.0, 0.0, 1.2184696791468346e-07, 0.0, 0.0, 0.0, 1.2184696791468346e-07]",,1.3655372858047485,0.24603486061096075,-9.615926742553711,"[8.999999999999999e-08, 0.0, 0.0, 0.0, 8.999999999999999e-08, 0.0, 0.0, 0.0, 8.999999999999999e-08]"
1617797304020213068,,3278,,1617797304,17203760,"""base_link""",,0.0,0.0,0.0,0.0,"[-1.0, 0.0, 0.0, 0.0, 0.0, 0.0, 0.0, 0.0, 0.0]",,-0.048770722001791,0.0990811139345169,-0.026429688557982455,"[1.2184696791468346e-07, 0.0, 0.0, 0.0, 1.2184696791468346e-07, 0.0, 0.0, 0.0, 1.2184696791468346e-07]",,1.2916953563690186,0.3228665888309467,-9.613906860351562,"[8.999999999999999e-08, 0.0, 0.0, 0.0, 8.999999999999999e-08, 0.0, 0.0, 0.0, 8.999999999999999e-08]"
1617797304041315885,,3279,,1617797304,37189936,"""base_link""",,0.0,0.0,0.0,0.0,"[-1.0, 0.0, 0.0, 0.0, 0.0, 0.0, 0.0, 0.0, 0.0]",,-0.05372703820466995,0.10596009343862534,-0.0025775828398764264,"[1.2184696791468346e-07, 0.0, 0.0, 0.0, 1.2184696791468346e-07, 0.0, 0.0, 0.0, 1.2184696791468346e-07]",,1.3044945001602173,0.3146844506263721,-9.655885696411133,"[8.999999999999999e-08, 0.0, 0.0, 0.0, 8.999999999999999e-08, 0.0, 0.0, 0.0, 8.999999999999999e-08]"
1617797304059518159,,3280,,1617797304,57189936,"""base_link""",,0.0,0.0,0.0,0.0,"[-1.0, 0.0, 0.0, 0.0, 0.0, 0.0, 0.0, 0.0, 0.0]",,-0.05607285350561142,0.10030148923397064,0.008304279297590244,"[1.2184696791468346e-07, 0.0, 0.0, 0.0, 1.2184696791468346e-07, 0.0, 0.0, 0.0, 1.2184696791468346e-07]",,1.3553286790847778,0.27479109168052557,-9.622614860534668,"[8.999999999999999e-08, 0.0, 0.0, 0.0, 8.999999999999999e-08, 0.0, 0.0, 0.0, 8.999999999999999e-08]"
1617797304080553204,,3281,,1617797304,77189936,"""base_link""",,0.0,0.0,0.0,0.0,"[-1.0, 0.0, 0.0, 0.0, 0.0, 0.0, 0.0, 0.0, 0.0]",,-0.035898007452487946,0.0842820405960083,0.0036687925457954303,"[1.2184696791468346e-07, 0.0, 0.0, 0.0, 1.2184696791468346e-07, 0.0, 0.0, 0.0, 1.2184696791468346e-07]",,1.3518306016921997,0.333218604326247,-9.566832542419434,"[8.999999999999999e-08, 0.0, 0.0, 0.0, 8.999999999999999e-08, 0.0, 0.0, 0.0, 8.999999999999999e-08]"
1617797304101412506,,3282,,1617797304,97192936,"""base_link""",,0.0,0.0,0.0,0.0,"[-1.0, 0.0, 0.0, 0.0, 0.0, 0.0, 0.0, 0.0, 0.0]",,-0.009464496746659279,0.04568537324666977,0.00013523800589609333,"[1.2184696791468346e-07, 0.0, 0.0, 0.0, 1.2184696791468346e-07, 0.0, 0.0, 0.0, 1.2184696791468346e-07]",,1.3763283491134644,0.3426441848278034,-9.583518981933594,"[8.999999999999999e-08, 0.0, 0.0, 0.0, 8.999999999999999e-08, 0.0, 0.0, 0.0, 8.999999999999999e-08]"
1617797304120165718,,3283,,1617797304,117189936,"""base_link""",,0.0,0.0,0.0,0.0,"[-1.0, 0.0, 0.0, 0.0, 0.0, 0.0, 0.0, 0.0, 0.0]",,0.012686574831604958,-0.0025361385196447377,-0.0034362135920673604,"[1.2184696791468346e-07, 0.0, 0.0, 0.0, 1.2184696791468346e-07, 0.0, 0.0, 0.0, 1.2184696791468346e-07]",,1.3849421739578247,0.3401838839054096,-9.628573417663574,"[8.999999999999999e-08, 0.0, 0.0, 0.0, 8.999999999999999e-08, 0.0, 0.0, 0.0, 8.999999999999999e-08]"
1617797304141404265,,3284,,1617797304,137176112,"""base_link""",,0.0,0.0,0.0,0.0,"[-1.0, 0.0, 0.0, 0.0, 0.0, 0.0, 0.0, 0.0, 0.0]",,0.035747986286878586,-0.04543963447213173,-0.0006978408782742862,"[1.2184696791468346e-07, 0.0, 0.0, 0.0, 1.2184696791468346e-07, 0.0, 0.0, 0.0, 1.2184696791468346e-07]",,1.3675665855407715,0.4556156694889057,-9.663978576660156,"[8.999999999999999e-08, 0.0, 0.0, 0.0, 8.999999999999999e-08, 0.0, 0.0, 0.0, 8.999999999999999e-08]"
1617797304159390825,,3285,,1617797304,157176112,"""base_link""",,0.0,0.0,0.0,0.0,"[-1.0, 0.0, 0.0, 0.0, 0.0, 0.0, 0.0, 0.0, 0.0]",,0.06314042210578918,-0.08440402895212173,0.016795823350548755,"[1.2184696791468346e-07, 0.0, 0.0, 0.0, 1.2184696791468346e-07, 0.0, 0.0, 0.0, 1.2184696791468346e-07]",,1.2806334495544434,0.48490640521049383,-9.62889289855957,"[8.999999999999999e-08, 0.0, 0.0, 0.0, 8.999999999999999e-08, 0.0, 0.0, 0.0, 8.999999999999999e-08]"
1617797304180421945,,3286,,1617797304,177176112,"""base_link""",,0.0,0.0,0.0,0.0,"[-1.0, 0.0, 0.0, 0.0, 0.0, 0.0, 0.0, 0.0, 0.0]",,0.08568940311670303,-0.1079426258802414,0.014806570485234274,"[1.2184696791468346e-07, 0.0, 0.0, 0.0, 1.2184696791468346e-07, 0.0, 0.0, 0.0, 1.2184696791468346e-07]",,1.335505723953247,0.39071115851402166,-9.600958824157715,"[8.999999999999999e-08, 0.0, 0.0, 0.0, 8.999999999999999e-08, 0.0, 0.0, 0.0, 8.999999999999999e-08]"
1617797304201388930,,3287,,1617797304,197176112,"""base_link""",,0.0,0.0,0.0,0.0,"[-1.0, 0.0, 0.0, 0.0, 0.0, 0.0, 0.0, 0.0, 0.0]",,0.08542536199092865,-0.11083546280860901,-0.011850944720208631,"[1.2184696791468346e-07, 0.0, 0.0, 0.0, 1.2184696791468346e-07, 0.0, 0.0, 0.0, 1.2184696791468346e-07]",,1.4022772312164307,0.322301536798476,-9.560739517211914,"[8.999999999999999e-08, 0.0, 0.0, 0.0, 8.999999999999999e-08, 0.0, 0.0, 0.0, 8.999999999999999e-08]"
1617797304220136617,,3288,,1617797304,217176112,"""base_link""",,0.0,0.0,0.0,0.0,"[-1.0, 0.0, 0.0, 0.0, 0.0, 0.0, 0.0, 0.0, 0.0]",,0.07052698731422424,-0.09974601864814758,-0.01977480202913283,"[1.2184696791468346e-07, 0.0, 0.0, 0.0, 1.2184696791468346e-07, 0.0, 0.0, 0.0, 1.2184696791468346e-07]",,1.3460712432861328,0.31526541709899786,-9.606579780578613,"[8.999999999999999e-08, 0.0, 0.0, 0.0, 8.999999999999999e-08, 0.0, 0.0, 0.0, 8.999999999999999e-08]"
1617797304241326254,,3289,,1617797304,237162288,"""base_link""",,0.0,0.0,0.0,0.0,"[-1.0, 0.0, 0.0, 0.0, 0.0, 0.0, 0.0, 0.0, 0.0]",,0.047747690230607986,-0.0867377296090126,0.005317125469446193,"[1.2184696791468346e-07, 0.0, 0.0, 0.0, 1.2184696791468346e-07, 0.0, 0.0, 0.0, 1.2184696791468346e-07]",,1.192731499671936,0.309598922729491,-9.658222198486328,"[8.999999999999999e-08, 0.0, 0.0, 0.0, 8.999999999999999e-08, 0.0, 0.0, 0.0, 8.999999999999999e-08]"
1617797304259490705,,3290,,1617797304,257162288,"""base_link""",,0.0,0.0,0.0,0.0,"[-1.0, 0.0, 0.0, 0.0, 0.0, 0.0, 0.0, 0.0, 0.0]",,0.026653969660401344,-0.07823032140731812,0.03620337694883347,"[1.2184696791468346e-07, 0.0, 0.0, 0.0, 1.2184696791468346e-07, 0.0, 0.0, 0.0, 1.2184696791468346e-07]",,1.2674543857574463,0.29802444577216985,-9.655828475952148,"[8.999999999999999e-08, 0.0, 0.0, 0.0, 8.999999999999999e-08, 0.0, 0.0, 0.0, 8.999999999999999e-08]"
1617797304280370182,,3291,,1617797304,277164288,"""base_link""",,0.0,0.0,0.0,0.0,"[-1.0, 0.0, 0.0, 0.0, 0.0, 0.0, 0.0, 0.0, 0.0]",,0.026386365294456482,-0.06812059879302979,0.038994442671537406,"[1.2184696791468346e-07, 0.0, 0.0, 0.0, 1.2184696791468346e-07, 0.0, 0.0, 0.0, 1.2184696791468346e-07]",,1.4121873378753662,0.17251081764697912,-9.561235427856445,"[8.999999999999999e-08, 0.0, 0.0, 0.0, 8.999999999999999e-08, 0.0, 0.0, 0.0, 8.999999999999999e-08]"
1617797304301489772,,3292,,1617797304,297162288,"""base_link""",,0.0,0.0,0.0,0.0,"[-1.0, 0.0, 0.0, 0.0, 0.0, 0.0, 0.0, 0.0, 0.0]",,0.03236822038888931,-0.07663389295339584,0.02158275805413724,"[1.2184696791468346e-07, 0.0, 0.0, 0.0, 1.2184696791468346e-07, 0.0, 0.0, 0.0, 1.2184696791468346e-07]",,1.410183072090149,0.22030800580978277,-9.57183837890625,"[8.999999999999999e-08, 0.0, 0.0, 0.0, 8.999999999999999e-08, 0.0, 0.0, 0.0, 8.999999999999999e-08]"
1617797304320754036,,3293,,1617797304,317162288,"""base_link""",,0.0,0.0,0.0,0.0,"[-1.0, 0.0, 0.0, 0.0, 0.0, 0.0, 0.0, 0.0, 0.0]",,0.029652968049049377,-0.09318354725837708,0.014228022657334817,"[1.2184696791468346e-07, 0.0, 0.0, 0.0, 1.2184696791468346e-07, 0.0, 0.0, 0.0, 1.2184696791468346e-07]",,1.2687714099884033,0.28518047928810003,-9.681283950805664,"[8.999999999999999e-08, 0.0, 0.0, 0.0, 8.999999999999999e-08, 0.0, 0.0, 0.0, 8.999999999999999e-08]"
1617797304341393273,,3294,,1617797304,337146928,"""base_link""",,0.0,0.0,0.0,0.0,"[-1.0, 0.0, 0.0, 0.0, 0.0, 0.0, 0.0, 0.0, 0.0]",,0.034450214356184006,-0.10417194664478302,0.02593774907290937,"[1.2184696791468346e-07, 0.0, 0.0, 0.0, 1.2184696791468346e-07, 0.0, 0.0, 0.0, 1.2184696791468346e-07]",,1.1487407684326172,0.3570116460323322,-9.680529594421387,"[8.999999999999999e-08, 0.0, 0.0, 0.0, 8.999999999999999e-08, 0.0, 0.0, 0.0, 8.999999999999999e-08]"
1617797304359988592,,3295,,1617797304,357146928,"""base_link""",,0.0,0.0,0.0,0.0,"[-1.0, 0.0, 0.0, 0.0, 0.0, 0.0, 0.0, 0.0, 0.0]",,0.0553525909781456,-0.0945824459195137,0.03984565660357477,"[1.2184696791468346e-07, 0.0, 0.0, 0.0, 1.2184696791468346e-07, 0.0, 0.0, 0.0, 1.2184696791468346e-07]",,1.1593331098556519,0.3350648880004871,-9.584772109985352,"[8.999999999999999e-08, 0.0, 0.0, 0.0, 8.999999999999999e-08, 0.0, 0.0, 0.0, 8.999999999999999e-08]"
1617797304380430551,,3296,,1617797304,377146928,"""base_link""",,0.0,0.0,0.0,0.0,"[-1.0, 0.0, 0.0, 0.0, 0.0, 0.0, 0.0, 0.0, 0.0]",,0.04737040400505066,-0.07594045251607895,0.015878625214099894,"[1.2184696791468346e-07, 0.0, 0.0, 0.0, 1.2184696791468346e-07, 0.0, 0.0, 0.0, 1.2184696791468346e-07]",,1.2469416856765747,0.28638470172881964,-9.743949890136719,"[8.999999999999999e-08, 0.0, 0.0, 0.0, 8.999999999999999e-08, 0.0, 0.0, 0.0, 8.999999999999999e-08]"
1617797304401150598,,3297,,1617797304,397146928,"""base_link""",,0.0,0.0,0.0,0.0,"[-1.0, 0.0, 0.0, 0.0, 0.0, 0.0, 0.0, 0.0, 0.0]",,0.03265473246574402,-0.03974383696913719,-0.017306251451373097,"[1.2184696791468346e-07, 0.0, 0.0, 0.0, 1.2184696791468346e-07, 0.0, 0.0, 0.0, 1.2184696791468346e-07]",,1.2848098278045654,0.2173668295145023,-9.576823234558105,"[8.999999999999999e-08, 0.0, 0.0, 0.0, 8.999999999999999e-08, 0.0, 0.0, 0.0, 8.999999999999999e-08]"
1617797304420336865,,3298,,1617797304,417146928,"""base_link""",,0.0,0.0,0.0,0.0,"[-1.0, 0.0, 0.0, 0.0, 0.0, 0.0, 0.0, 0.0, 0.0]",,0.009012999013066292,0.002894381294026968,-0.024241767823696136,"[1.2184696791468346e-07, 0.0, 0.0, 0.0, 1.2184696791468346e-07, 0.0, 0.0, 0.0, 1.2184696791468346e-07]",,1.1597803831100464,0.16058385372161746,-9.673282623291016,"[8.999999999999999e-08, 0.0, 0.0, 0.0, 8.999999999999999e-08, 0.0, 0.0, 0.0, 8.999999999999999e-08]"
1617797304441882848,,3299,,1617797304,437133104,"""base_link""",,0.0,0.0,0.0,0.0,"[-1.0, 0.0, 0.0, 0.0, 0.0, 0.0, 0.0, 0.0, 0.0]",,-0.027847591787576675,0.033644866198301315,-0.005612854845821862,"[1.2184696791468346e-07, 0.0, 0.0, 0.0, 1.2184696791468346e-07, 0.0, 0.0, 0.0, 1.2184696791468346e-07]",,1.0760806798934937,0.2004518210887897,-9.652905464172363,"[8.999999999999999e-08, 0.0, 0.0, 0.0, 8.999999999999999e-08, 0.0, 0.0, 0.0, 8.999999999999999e-08]"
1617797304459516149,,3300,,1617797304,457133104,"""base_link""",,0.0,0.0,0.0,0.0,"[-1.0, 0.0, 0.0, 0.0, 0.0, 0.0, 0.0, 0.0, 0.0]",,-0.06779466569423676,0.06254398822784424,-0.006953187286853798,"[1.2184696791468346e-07, 0.0, 0.0, 0.0, 1.2184696791468346e-07, 0.0, 0.0, 0.0, 1.2184696791468346e-07]",,1.2752211093902588,0.197382941842078,-9.629947662353516,"[8.999999999999999e-08, 0.0, 0.0, 0.0, 8.999999999999999e-08, 0.0, 0.0, 0.0, 8.999999999999999e-08]"
1617797304480708924,,3301,,1617797304,477133104,"""base_link""",,0.0,0.0,0.0,0.0,"[-1.0, 0.0, 0.0, 0.0, 0.0, 0.0, 0.0, 0.0, 0.0]",,-0.07722567766904831,0.08746203035116196,-0.016532938927412043,"[1.2184696791468346e-07, 0.0, 0.0, 0.0, 1.2184696791468346e-07, 0.0, 0.0, 0.0, 1.2184696791468346e-07]",,1.267409086227417,0.24077537655830267,-9.5685396194458,"[8.999999999999999e-08, 0.0, 0.0, 0.0, 8.999999999999999e-08, 0.0, 0.0, 0.0, 8.999999999999999e-08]"
1617797304501694320,,3302,,1617797304,497133104,"""base_link""",,0.0,0.0,0.0,0.0,"[-1.0, 0.0, 0.0, 0.0, 0.0, 0.0, 0.0, 0.0, 0.0]",,-0.07758770883083344,0.10430876910686493,-0.02228822931647302,"[1.2184696791468346e-07, 0.0, 0.0, 0.0, 1.2184696791468346e-07, 0.0, 0.0, 0.0, 1.2184696791468346e-07]",,1.3229048252105713,0.28517660498618963,-9.617276191711426,"[8.999999999999999e-08, 0.0, 0.0, 0.0, 8.999999999999999e-08, 0.0, 0.0, 0.0, 8.999999999999999e-08]"
1617797304520381610,,3303,,1617797304,517133104,"""base_link""",,0.0,0.0,0.0,0.0,"[-1.0, 0.0, 0.0, 0.0, 0.0, 0.0, 0.0, 0.0, 0.0]",,-0.07988311350345612,0.11062562465667725,-0.027137747034430518,"[1.2184696791468346e-07, 0.0, 0.0, 0.0, 1.2184696791468346e-07, 0.0, 0.0, 0.0, 1.2184696791468346e-07]",,1.2913974523544312,0.26472374796867254,-9.673898696899414,"[8.999999999999999e-08, 0.0, 0.0, 0.0, 8.999999999999999e-08, 0.0, 0.0, 0.0, 8.999999999999999e-08]"
1617797304541654131,,3304,,1617797304,537119280,"""base_link""",,0.0,0.0,0.0,0.0,"[-1.0, 0.0, 0.0, 0.0, 0.0, 0.0, 0.0, 0.0, 0.0]",,-0.08003251999616623,0.12003374099731445,-0.02717719785869123,"[1.2184696791468346e-07, 0.0, 0.0, 0.0, 1.2184696791468346e-07, 0.0, 0.0, 0.0, 1.2184696791468346e-07]",,1.3024647235870361,0.36779633164405706,-9.647499084472656,"[8.999999999999999e-08, 0.0, 0.0, 0.0, 8.999999999999999e-08, 0.0, 0.0, 0.0, 8.999999999999999e-08]"
1617797304559692051,,3305,,1617797304,557119280,"""base_link""",,0.0,0.0,0.0,0.0,"[-1.0, 0.0, 0.0, 0.0, 0.0, 0.0, 0.0, 0.0, 0.0]",,-0.06760108470916748,0.1353771835565567,-0.02032828517258169,"[1.2184696791468346e-07, 0.0, 0.0, 0.0, 1.2184696791468346e-07, 0.0, 0.0, 0.0, 1.2184696791468346e-07]",,1.2492196559906006,0.3964573144912708,-9.675082206726074,"[8.999999999999999e-08, 0.0, 0.0, 0.0, 8.999999999999999e-08, 0.0, 0.0, 0.0, 8.999999999999999e-08]"
1617797304580479119,,3306,,1617797304,577119280,"""base_link""",,0.0,0.0,0.0,0.0,"[-1.0, 0.0, 0.0, 0.0, 0.0, 0.0, 0.0, 0.0, 0.0]",,-0.051626574248075485,0.13997288048267365,-0.013061331585049647,"[1.2184696791468346e-07, 0.0, 0.0, 0.0, 1.2184696791468346e-07, 0.0, 0.0, 0.0, 1.2184696791468346e-07]",,1.2599446773529053,0.4462002217769611,-9.63095474243164,"[8.999999999999999e-08, 0.0, 0.0, 0.0, 8.999999999999999e-08, 0.0, 0.0, 0.0, 8.999999999999999e-08]"
1617797304601265450,,3307,,1617797304,597121280,"""base_link""",,0.0,0.0,0.0,0.0,"[-1.0, 0.0, 0.0, 0.0, 0.0, 0.0, 0.0, 0.0, 0.0]",,-0.04243474453687668,0.12562210857868195,-0.022854182869195952,"[1.2184696791468346e-07, 0.0, 0.0, 0.0, 1.2184696791468346e-07, 0.0, 0.0, 0.0, 1.2184696791468346e-07]",,1.3051810264587402,0.3660446405410755,-9.664952278137207,"[8.999999999999999e-08, 0.0, 0.0, 0.0, 8.999999999999999e-08, 0.0, 0.0, 0.0, 8.999999999999999e-08]"
1617797304620442767,,3308,,1617797304,617119280,"""base_link""",,0.0,0.0,0.0,0.0,"[-1.0, 0.0, 0.0, 0.0, 0.0, 0.0, 0.0, 0.0, 0.0]",,-0.034913286566734314,0.10131972283124924,-0.04549999535083772,"[1.2184696791468346e-07, 0.0, 0.0, 0.0, 1.2184696791468346e-07, 0.0, 0.0, 0.0, 1.2184696791468346e-07]",,1.3569934368133545,0.3470042943954456,-9.539374351501465,"[8.999999999999999e-08, 0.0, 0.0, 0.0, 8.999999999999999e-08, 0.0, 0.0, 0.0, 8.999999999999999e-08]"
1617797304641533397,,3309,,1617797304,637105456,"""base_link""",,0.0,0.0,0.0,0.0,"[-1.0, 0.0, 0.0, 0.0, 0.0, 0.0, 0.0, 0.0, 0.0]",,-0.03152274712920189,0.0798707604408264,-0.05979574471712113,"[1.2184696791468346e-07, 0.0, 0.0, 0.0, 1.2184696791468346e-07, 0.0, 0.0, 0.0, 1.2184696791468346e-07]",,1.368414044380188,0.3126127719879139,-9.542192459106445,"[8.999999999999999e-08, 0.0, 0.0, 0.0, 8.999999999999999e-08, 0.0, 0.0, 0.0, 8.999999999999999e-08]"
1617797304659574591,,3310,,1617797304,657105456,"""base_link""",,0.0,0.0,0.0,0.0,"[-1.0, 0.0, 0.0, 0.0, 0.0, 0.0, 0.0, 0.0, 0.0]",,-0.0314590185880661,0.052378162741661065,-0.03840696439146996,"[1.2184696791468346e-07, 0.0, 0.0, 0.0, 1.2184696791468346e-07, 0.0, 0.0, 0.0, 1.2184696791468346e-07]",,1.3569800853729248,0.3143340051174152,-9.633781433105469,"[8.999999999999999e-08, 0.0, 0.0, 0.0, 8.999999999999999e-08, 0.0, 0.0, 0.0, 8.999999999999999e-08]"
1617797304680867274,,3311,,1617797304,677105456,"""base_link""",,0.0,0.0,0.0,0.0,"[-1.0, 0.0, 0.0, 0.0, 0.0, 0.0, 0.0, 0.0, 0.0]",,-0.022813135758042336,0.017501315101981163,-0.0019467541715130232,"[1.2184696791468346e-07, 0.0, 0.0, 0.0, 1.2184696791468346e-07, 0.0, 0.0, 0.0, 1.2184696791468346e-07]",,1.365841269493103,0.2955669164657581,-9.690141677856445,"[8.999999999999999e-08, 0.0, 0.0, 0.0, 8.999999999999999e-08, 0.0, 0.0, 0.0, 8.999999999999999e-08]"
1617797304701715564,,3312,,1617797304,697105456,"""base_link""",,0.0,0.0,0.0,0.0,"[-1.0, 0.0, 0.0, 0.0, 0.0, 0.0, 0.0, 0.0, 0.0]",,0.002532119629904628,-0.022231403738260266,0.022340226918458942,"[1.2184696791468346e-07, 0.0, 0.0, 0.0, 1.2184696791468346e-07, 0.0, 0.0, 0.0, 1.2184696791468346e-07]",,1.4200804233551025,0.36679965257644537,-9.626914978027344,"[8.999999999999999e-08, 0.0, 0.0, 0.0, 8.999999999999999e-08, 0.0, 0.0, 0.0, 8.999999999999999e-08]"
1617797304720371456,,3313,,1617797304,717105456,"""base_link""",,0.0,0.0,0.0,0.0,"[-1.0, 0.0, 0.0, 0.0, 0.0, 0.0, 0.0, 0.0, 0.0]",,0.040088851004838943,-0.053636990487575524,0.030210137367248542,"[1.2184696791468346e-07, 0.0, 0.0, 0.0, 1.2184696791468346e-07, 0.0, 0.0, 0.0, 1.2184696791468346e-07]",,1.482460856437683,0.4106230437755573,-9.578573226928711,"[8.999999999999999e-08, 0.0, 0.0, 0.0, 8.999999999999999e-08, 0.0, 0.0, 0.0, 8.999999999999999e-08]"
1617797304741861404,,3314,,1617797304,737091632,"""base_link""",,0.0,0.0,0.0,0.0,"[-1.0, 0.0, 0.0, 0.0, 0.0, 0.0, 0.0, 0.0, 0.0]",,0.07333260029554367,-0.08692367374897003,0.03078252263367177,"[1.2184696791468346e-07, 0.0, 0.0, 0.0, 1.2184696791468346e-07, 0.0, 0.0, 0.0, 1.2184696791468346e-07]",,1.4088038206100464,0.33673071861266973,-9.610115051269531,"[8.999999999999999e-08, 0.0, 0.0, 0.0, 8.999999999999999e-08, 0.0, 0.0, 0.0, 8.999999999999999e-08]"
1617797304760623140,,3315,,1617797304,757091632,"""base_link""",,0.0,0.0,0.0,0.0,"[-1.0, 0.0, 0.0, 0.0, 0.0, 0.0, 0.0, 0.0, 0.0]",,0.0847383365035057,-0.12427682429552078,0.03708431497216226,"[1.2184696791468346e-07, 0.0, 0.0, 0.0, 1.2184696791468346e-07, 0.0, 0.0, 0.0, 1.2184696791468346e-07]",,1.3711352348327637,0.31447270512580755,-9.622122764587402,"[8.999999999999999e-08, 0.0, 0.0, 0.0, 8.999999999999999e-08, 0.0, 0.0, 0.0, 8.999999999999999e-08]"
1617797304780707903,,3316,,1617797304,777091632,"""base_link""",,0.0,0.0,0.0,0.0,"[-1.0, 0.0, 0.0, 0.0, 0.0, 0.0, 0.0, 0.0, 0.0]",,0.08421424776315689,-0.15853220224380493,0.05854625999927523,"[1.2184696791468346e-07, 0.0, 0.0, 0.0, 1.2184696791468346e-07, 0.0, 0.0, 0.0, 1.2184696791468346e-07]",,1.312813639640808,0.30691480636596563,-9.636153221130371,"[8.999999999999999e-08, 0.0, 0.0, 0.0, 8.999999999999999e-08, 0.0, 0.0, 0.0, 8.999999999999999e-08]"
1617797304799476277,,3317,,1617797304,797091632,"""base_link""",,0.0,0.0,0.0,0.0,"[-1.0, 0.0, 0.0, 0.0, 0.0, 0.0, 0.0, 0.0, 0.0]",,0.09133066236972809,-0.1806212067604065,0.07487605512142184,"[1.2184696791468346e-07, 0.0, 0.0, 0.0, 1.2184696791468346e-07, 0.0, 0.0, 0.0, 1.2184696791468346e-07]",,1.276863932609558,0.3512050509452808,-9.62585163116455,"[8.999999999999999e-08, 0.0, 0.0, 0.0, 8.999999999999999e-08, 0.0, 0.0, 0.0, 8.999999999999999e-08]"
1617797304821148517,,3318,,1617797304,817077808,"""base_link""",,0.0,0.0,0.0,0.0,"[-1.0, 0.0, 0.0, 0.0, 0.0, 0.0, 0.0, 0.0, 0.0]",,0.0831567570567131,-0.1907925009727478,0.05768178403377535,"[1.2184696791468346e-07, 0.0, 0.0, 0.0, 1.2184696791468346e-07, 0.0, 0.0, 0.0, 1.2184696791468346e-07]",,1.3107833862304688,0.28231295943260076,-9.588183403015137,"[8.999999999999999e-08, 0.0, 0.0, 0.0, 8.999999999999999e-08, 0.0, 0.0, 0.0, 8.999999999999999e-08]"
1617797304839499335,,3319,,1617797304,837077808,"""base_link""",,0.0,0.0,0.0,0.0,"[-1.0, 0.0, 0.0, 0.0, 0.0, 0.0, 0.0, 0.0, 0.0]",,0.056929443031549454,-0.18180342018604279,0.019195226952433607,"[1.2184696791468346e-07, 0.0, 0.0, 0.0, 1.2184696791468346e-07, 0.0, 0.0, 0.0, 1.2184696791468346e-07]",,1.2341359853744507,0.23157261312007787,-9.550843238830566,"[8.999999999999999e-08, 0.0, 0.0, 0.0, 8.999999999999999e-08, 0.0, 0.0, 0.0, 8.999999999999999e-08]"
1617797304860381049,,3320,,1617797304,857077808,"""base_link""",,0.0,0.0,0.0,0.0,"[-1.0, 0.0, 0.0, 0.0, 0.0, 0.0, 0.0, 0.0, 0.0]",,0.03346703574061394,-0.14812417328357697,-0.013508215546607954,"[1.2184696791468346e-07, 0.0, 0.0, 0.0, 1.2184696791468346e-07, 0.0, 0.0, 0.0, 1.2184696791468346e-07]",,1.1700187921524048,0.22635592520236852,-9.559054374694824,"[8.999999999999999e-08, 0.0, 0.0, 0.0, 8.999999999999999e-08, 0.0, 0.0, 0.0, 8.999999999999999e-08]"
1617797304881552575,,3321,,1617797304,877079808,"""base_link""",,0.0,0.0,0.0,0.0,"[-1.0, 0.0, 0.0, 0.0, 0.0, 0.0, 0.0, 0.0, 0.0]",,0.010694775730371475,-0.09801052510738373,-0.03318921476602553,"[1.2184696791468346e-07, 0.0, 0.0, 0.0, 1.2184696791468346e-07, 0.0, 0.0, 0.0, 1.2184696791468346e-07]",,1.2021328210830688,0.2525839209556568,-9.652822494506836,"[8.999999999999999e-08, 0.0, 0.0, 0.0, 8.999999999999999e-08, 0.0, 0.0, 0.0, 8.999999999999999e-08]"
1617797304899376367,,3322,,1617797304,897077808,"""base_link""",,0.0,0.0,0.0,0.0,"[-1.0, 0.0, 0.0, 0.0, 0.0, 0.0, 0.0, 0.0, 0.0]",,-0.0152834951877594,-0.04482098296284676,-0.02856022305786609,"[1.2184696791468346e-07, 0.0, 0.0, 0.0, 1.2184696791468346e-07, 0.0, 0.0, 0.0, 1.2184696791468346e-07]",,1.1317445039749146,0.27751857042312505,-9.719396591186523,"[8.999999999999999e-08, 0.0, 0.0, 0.0, 8.999999999999999e-08, 0.0, 0.0, 0.0, 8.999999999999999e-08]"
1617797304921623680,,3323,,1617797304,917077808,"""base_link""",,0.0,0.0,0.0,0.0,"[-1.0, 0.0, 0.0, 0.0, 0.0, 0.0, 0.0, 0.0, 0.0]",,-0.03832663968205452,0.0041259741410613025,-0.025694822892546654,"[1.2184696791468346e-07, 0.0, 0.0, 0.0, 1.2184696791468346e-07, 0.0, 0.0, 0.0, 1.2184696791468346e-07]",,1.2232760190963745,0.3131598532199848,-9.65453052520752,"[8.999999999999999e-08, 0.0, 0.0, 0.0, 8.999999999999999e-08, 0.0, 0.0, 0.0, 8.999999999999999e-08]"
1617797304940246185,,3324,,1617797304,937063472,"""base_link""",,0.0,0.0,0.0,0.0,"[-1.0, 0.0, 0.0, 0.0, 0.0, 0.0, 0.0, 0.0, 0.0]",,-0.05112042278051376,0.062079798430204385,-0.03680986166000367,"[1.2184696791468346e-07, 0.0, 0.0, 0.0, 1.2184696791468346e-07, 0.0, 0.0, 0.0, 1.2184696791468346e-07]",,1.333122968673706,0.3161089122295368,-9.737203598022461,"[8.999999999999999e-08, 0.0, 0.0, 0.0, 8.999999999999999e-08, 0.0, 0.0, 0.0, 8.999999999999999e-08]"
1617797304960701056,,3325,,1617797304,957063472,"""base_link""",,0.0,0.0,0.0,0.0,"[-1.0, 0.0, 0.0, 0.0, 0.0, 0.0, 0.0, 0.0, 0.0]",,-0.05715128406882286,0.11903921514749527,-0.04473787546157838,"[1.2184696791468346e-07, 0.0, 0.0, 0.0, 1.2184696791468346e-07, 0.0, 0.0, 0.0, 1.2184696791468346e-07]",,1.3134384155273438,0.34567281603813055,-9.64113712310791,"[8.999999999999999e-08, 0.0, 0.0, 0.0, 8.999999999999999e-08, 0.0, 0.0, 0.0, 8.999999999999999e-08]"
1617797304981601757,,3326,,1617797304,977063472,"""base_link""",,0.0,0.0,0.0,0.0,"[-1.0, 0.0, 0.0, 0.0, 0.0, 0.0, 0.0, 0.0, 0.0]",,-0.07190655916929245,0.1571577787399292,-0.0353839658200741,"[1.2184696791468346e-07, 0.0, 0.0, 0.0, 1.2184696791468346e-07, 0.0, 0.0, 0.0, 1.2184696791468346e-07]",,1.2935508489608765,0.41117179393768194,-9.5831937789917,"[8.999999999999999e-08, 0.0, 0.0, 0.0, 8.999999999999999e-08, 0.0, 0.0, 0.0, 8.999999999999999e-08]"
1617797304999680150,,3327,,1617797304,997063472,"""base_link""",,0.0,0.0,0.0,0.0,"[-1.0, 0.0, 0.0, 0.0, 0.0, 0.0, 0.0, 0.0, 0.0]",,-0.08853382617235184,0.16836899518966675,-0.013591600582003614,"[1.2184696791468346e-07, 0.0, 0.0, 0.0, 1.2184696791468346e-07, 0.0, 0.0, 0.0, 1.2184696791468346e-07]",,1.3872700929641724,0.4339503049850452,-9.597748756408691,"[8.999999999999999e-08, 0.0, 0.0, 0.0, 8.999999999999999e-08, 0.0, 0.0, 0.0, 8.999999999999999e-08]"
1617797305021377476,,3328,,1617797305,17063472,"""base_link""",,0.0,0.0,0.0,0.0,"[-1.0, 0.0, 0.0, 0.0, 0.0, 0.0, 0.0, 0.0, 0.0]",,-0.10363443195819855,0.16227780282497406,0.001851495704613606,"[1.2184696791468346e-07, 0.0, 0.0, 0.0, 1.2184696791468346e-07, 0.0, 0.0, 0.0, 1.2184696791468346e-07]",,1.4309024810791016,0.3487587869167316,-9.541906356811523,"[8.999999999999999e-08, 0.0, 0.0, 0.0, 8.999999999999999e-08, 0.0, 0.0, 0.0, 8.999999999999999e-08]"
1617797305039349712,,3329,,1617797305,37049904,"""base_link""",,0.0,0.0,0.0,0.0,"[-1.0, 0.0, 0.0, 0.0, 0.0, 0.0, 0.0, 0.0, 0.0]",,-0.11758667230606079,0.15236589312553406,0.01649490371346472,"[1.2184696791468346e-07, 0.0, 0.0, 0.0, 1.2184696791468346e-07, 0.0, 0.0, 0.0, 1.2184696791468346e-07]",,1.394938349723816,0.35174268484115484,-9.589982986450195,"[8.999999999999999e-08, 0.0, 0.0, 0.0, 8.999999999999999e-08, 0.0, 0.0, 0.0, 8.999999999999999e-08]"
1617797305060494576,,3330,,1617797305,57049904,"""base_link""",,0.0,0.0,0.0,0.0,"[-1.0, 0.0, 0.0, 0.0, 0.0, 0.0, 0.0, 0.0, 0.0]",,-0.11726603657007217,0.13918256759643555,0.03801491484045981,"[1.2184696791468346e-07, 0.0, 0.0, 0.0, 1.2184696791468346e-07, 0.0, 0.0, 0.0, 1.2184696791468346e-07]",,1.2927662134170532,0.3641771972179401,-9.58462905883789,"[8.999999999999999e-08, 0.0, 0.0, 0.0, 8.999999999999999e-08, 0.0, 0.0, 0.0, 8.999999999999999e-08]"
1617797305081586268,,3331,,1617797305,77049904,"""base_link""",,0.0,0.0,0.0,0.0,"[-1.0, 0.0, 0.0, 0.0, 0.0, 0.0, 0.0, 0.0, 0.0]",,-0.10543635487556458,0.1270158886909485,0.042149744927883134,"[1.2184696791468346e-07, 0.0, 0.0, 0.0, 1.2184696791468346e-07, 0.0, 0.0, 0.0, 1.2184696791468346e-07]",,1.2782583236694336,0.4234452247619617,-9.604693412780762,"[8.999999999999999e-08, 0.0, 0.0, 0.0, 8.999999999999999e-08, 0.0, 0.0, 0.0, 8.999999999999999e-08]"
1617797305099434609,,3332,,1617797305,97049904,"""base_link""",,0.0,0.0,0.0,0.0,"[-1.0, 0.0, 0.0, 0.0, 0.0, 0.0, 0.0, 0.0, 0.0]",,-0.07688529789447784,0.10603141039609909,0.03281983733177184,"[1.2184696791468346e-07, 0.0, 0.0, 0.0, 1.2184696791468346e-07, 0.0, 0.0, 0.0, 1.2184696791468346e-07]",,1.2851680517196655,0.34705916047096136,-9.526747703552246,"[8.999999999999999e-08, 0.0, 0.0, 0.0, 8.999999999999999e-08, 0.0, 0.0, 0.0, 8.999999999999999e-08]"
1617797305121132785,,3333,,1617797305,117036080,"""base_link""",,0.0,0.0,0.0,0.0,"[-1.0, 0.0, 0.0, 0.0, 0.0, 0.0, 0.0, 0.0, 0.0]",,-0.045557525008916855,0.0680791437625885,0.015591693110764018,"[1.2184696791468346e-07, 0.0, 0.0, 0.0, 1.2184696791468346e-07, 0.0, 0.0, 0.0, 1.2184696791468346e-07]",,1.3207573890686035,0.33518910408019903,-9.634449005126953,"[8.999999999999999e-08, 0.0, 0.0, 0.0, 8.999999999999999e-08, 0.0, 0.0, 0.0, 8.999999999999999e-08]"
1617797305139568024,,3334,,1617797305,137036080,"""base_link""",,0.0,0.0,0.0,0.0,"[-1.0, 0.0, 0.0, 0.0, 0.0, 0.0, 0.0, 0.0, 0.0]",,-0.015230718068778515,0.028774430975317955,-0.006676697172224525,"[1.2184696791468346e-07, 0.0, 0.0, 0.0, 1.2184696791468346e-07, 0.0, 0.0, 0.0, 1.2184696791468346e-07]",,1.317608118057251,0.3473298251628864,-9.639894485473633,"[8.999999999999999e-08, 0.0, 0.0, 0.0, 8.999999999999999e-08, 0.0, 0.0, 0.0, 8.999999999999999e-08]"
1617797305160407428,,3335,,1617797305,157036080,"""base_link""",,0.0,0.0,0.0,0.0,"[-1.0, 0.0, 0.0, 0.0, 0.0, 0.0, 0.0, 0.0, 0.0]",,0.008406408131122589,-0.0006236236658878659,-0.028764307498931885,"[1.2184696791468346e-07, 0.0, 0.0, 0.0, 1.2184696791468346e-07, 0.0, 0.0, 0.0, 1.2184696791468346e-07]",,1.382622241973877,0.2503316998481739,-9.587726593017578,"[8.999999999999999e-08, 0.0, 0.0, 0.0, 8.999999999999999e-08, 0.0, 0.0, 0.0, 8.999999999999999e-08]"
1617797305181426598,,3336,,1617797305,177036080,"""base_link""",,0.0,0.0,0.0,0.0,"[-1.0, 0.0, 0.0, 0.0, 0.0, 0.0, 0.0, 0.0, 0.0]",,0.02745566889643669,-0.016351552680134777,-0.03019233979284763,"[1.2184696791468346e-07, 0.0, 0.0, 0.0, 1.2184696791468346e-07, 0.0, 0.0, 0.0, 1.2184696791468346e-07]",,1.3388495445251465,0.33152908086776617,-9.649965286254883,"[8.999999999999999e-08, 0.0, 0.0, 0.0, 8.999999999999999e-08, 0.0, 0.0, 0.0, 8.999999999999999e-08]"
1617797305199594149,,3337,,1617797305,197036080,"""base_link""",,0.0,0.0,0.0,0.0,"[-1.0, 0.0, 0.0, 0.0, 0.0, 0.0, 0.0, 0.0, 0.0]",,0.03948257490992546,-0.04175041988492012,0.0017409858992323331,"[1.2184696791468346e-07, 0.0, 0.0, 0.0, 1.2184696791468346e-07, 0.0, 0.0, 0.0, 1.2184696791468346e-07]",,1.2600194215774536,0.3785857260227191,-9.75042724609375,"[8.999999999999999e-08, 0.0, 0.0, 0.0, 8.999999999999999e-08, 0.0, 0.0, 0.0, 8.999999999999999e-08]"
1617797305221174193,,3338,,1617797305,217036080,"""base_link""",,0.0,0.0,0.0,0.0,"[-1.0, 0.0, 0.0, 0.0, 0.0, 0.0, 0.0, 0.0, 0.0]",,0.05649859830737114,-0.08500125259160995,0.03995832800865175,"[1.2184696791468346e-07, 0.0, 0.0, 0.0, 1.2184696791468346e-07, 0.0, 0.0, 0.0, 1.2184696791468346e-07]",,1.266335368156433,0.42857351899146917,-9.735865592956543,"[8.999999999999999e-08, 0.0, 0.0, 0.0, 8.999999999999999e-08, 0.0, 0.0, 0.0, 8.999999999999999e-08]"
1617797305240027925,,3339,,1617797305,237022256,"""base_link""",,0.0,0.0,0.0,0.0,"[-1.0, 0.0, 0.0, 0.0, 0.0, 0.0, 0.0, 0.0, 0.0]",,0.08623074740171432,-0.13419713079929352,0.05077527463436128,"[1.2184696791468346e-07, 0.0, 0.0, 0.0, 1.2184696791468346e-07, 0.0, 0.0, 0.0, 1.2184696791468346e-07]",,1.3684803247451782,0.4646041095256794,-9.603157043457031,"[8.999999999999999e-08, 0.0, 0.0, 0.0, 8.999999999999999e-08, 0.0, 0.0, 0.0, 8.999999999999999e-08]"
1617797305260465272,,3340,,1617797305,257022256,"""base_link""",,0.0,0.0,0.0,0.0,"[-1.0, 0.0, 0.0, 0.0, 0.0, 0.0, 0.0, 0.0, 0.0]",,0.10300254076719284,-0.17404425144195557,0.03052937611937525,"[1.2184696791468346e-07, 0.0, 0.0, 0.0, 1.2184696791468346e-07, 0.0, 0.0, 0.0, 1.2184696791468346e-07]",,1.3794541358947754,0.4559440910816181,-9.56086540222168,"[8.999999999999999e-08, 0.0, 0.0, 0.0, 8.999999999999999e-08, 0.0, 0.0, 0.0, 8.999999999999999e-08]"
1617797305281366285,,3341,,1617797305,277022256,"""base_link""",,0.0,0.0,0.0,0.0,"[-1.0, 0.0, 0.0, 0.0, 0.0, 0.0, 0.0, 0.0, 0.0]",,0.09500778466463089,-0.18876591324806213,-0.004670619498938299,"[1.2184696791468346e-07, 0.0, 0.0, 0.0, 1.2184696791468346e-07, 0.0, 0.0, 0.0, 1.2184696791468346e-07]",,1.3798846006393433,0.3707906007766712,-9.598291397094727,"[8.999999999999999e-08, 0.0, 0.0, 0.0, 8.999999999999999e-08, 0.0, 0.0, 0.0, 8.999999999999999e-08]"
1617797305301800932,,3342,,1617797305,297024256,"""base_link""",,0.0,0.0,0.0,0.0,"[-1.0, 0.0, 0.0, 0.0, 0.0, 0.0, 0.0, 0.0, 0.0]",,0.07766368985176086,-0.1872248500585556,-0.02153064683079717,"[1.2184696791468346e-07, 0.0, 0.0, 0.0, 1.2184696791468346e-07, 0.0, 0.0, 0.0, 1.2184696791468346e-07]",,1.2638955116271973,0.47959485650062444,-9.620319366455078,"[8.999999999999999e-08, 0.0, 0.0, 0.0, 8.999999999999999e-08, 0.0, 0.0, 0.0, 8.999999999999999e-08]"
1617797305320470748,,3343,,1617797305,317022256,"""base_link""",,0.0,0.0,0.0,0.0,"[-1.0, 0.0, 0.0, 0.0, 0.0, 0.0, 0.0, 0.0, 0.0]",,0.06046347692608833,-0.170188307762146,-0.014003933407366255,"[1.2184696791468346e-07, 0.0, 0.0, 0.0, 1.2184696791468346e-07, 0.0, 0.0, 0.0, 1.2184696791468346e-07]",,1.2091296911239624,0.40272358059883,-9.662361145019531,"[8.999999999999999e-08, 0.0, 0.0, 0.0, 8.999999999999999e-08, 0.0, 0.0, 0.0, 8.999999999999999e-08]"
1617797305341240942,,3344,,1617797305,337008432,"""base_link""",,0.0,0.0,0.0,0.0,"[-1.0, 0.0, 0.0, 0.0, 0.0, 0.0, 0.0, 0.0, 0.0]",,0.047036707401275635,-0.12750855088233948,-0.012658689171075805,"[1.2184696791468346e-07, 0.0, 0.0, 0.0, 1.2184696791468346e-07, 0.0, 0.0, 0.0, 1.2184696791468346e-07]",,1.2217603921890259,0.41238501667976263,-9.623685836791992,"[8.999999999999999e-08, 0.0, 0.0, 0.0, 8.999999999999999e-08, 0.0, 0.0, 0.0, 8.999999999999999e-08]"
1617797305359684080,,3345,,1617797305,357008432,"""base_link""",,0.0,0.0,0.0,0.0,"[-1.0, 0.0, 0.0, 0.0, 0.0, 0.0, 0.0, 0.0, 0.0]",,0.027669547125697136,-0.07048635184764862,-0.03360647708177566,"[1.2184696791468346e-07, 0.0, 0.0, 0.0, 1.2184696791468346e-07, 0.0, 0.0, 0.0, 1.2184696791468346e-07]",,1.3103916645050049,0.3078134357929218,-9.515210151672363,"[8.999999999999999e-08, 0.0, 0.0, 0.0, 8.999999999999999e-08, 0.0, 0.0, 0.0, 8.999999999999999e-08]"
1617797305380266083,,3346,,1617797305,377008432,"""base_link""",,0.0,0.0,0.0,0.0,"[-1.0, 0.0, 0.0, 0.0, 0.0, 0.0, 0.0, 0.0, 0.0]",,0.013758200220763683,-0.0068184793926775525,-0.053332798182964325,"[1.2184696791468346e-07, 0.0, 0.0, 0.0, 1.2184696791468346e-07, 0.0, 0.0, 0.0, 1.2184696791468346e-07]",,1.308842420578003,0.2868549227714527,-9.563558578491211,"[8.999999999999999e-08, 0.0, 0.0, 0.0, 8.999999999999999e-08, 0.0, 0.0, 0.0, 8.999999999999999e-08]"
1617797305401474695,,3347,,1617797305,397008432,"""base_link""",,0.0,0.0,0.0,0.0,"[-1.0, 0.0, 0.0, 0.0, 0.0, 0.0, 0.0, 0.0, 0.0]",,-0.007358720060437918,0.05028082430362701,-0.05495793372392655,"[1.2184696791468346e-07, 0.0, 0.0, 0.0, 1.2184696791468346e-07, 0.0, 0.0, 0.0, 1.2184696791468346e-07]",,1.2996662855148315,0.29027029871940496,-9.604741096496582,"[8.999999999999999e-08, 0.0, 0.0, 0.0, 8.999999999999999e-08, 0.0, 0.0, 0.0, 8.999999999999999e-08]"
1617797305420728221,,3348,,1617797305,417008432,"""base_link""",,0.0,0.0,0.0,0.0,"[-1.0, 0.0, 0.0, 0.0, 0.0, 0.0, 0.0, 0.0, 0.0]",,-0.03782535344362259,0.1020568311214447,-0.04007237032055856,"[1.2184696791468346e-07, 0.0, 0.0, 0.0, 1.2184696791468346e-07, 0.0, 0.0, 0.0, 1.2184696791468346e-07]",,1.3699471950531006,0.25943598151206854,-9.599568367004395,"[8.999999999999999e-08, 0.0, 0.0, 0.0, 8.999999999999999e-08, 0.0, 0.0, 0.0, 8.999999999999999e-08]"
1617797305439223220,,3349,,1617797305,436994352,"""base_link""",,0.0,0.0,0.0,0.0,"[-1.0, 0.0, 0.0, 0.0, 0.0, 0.0, 0.0, 0.0, 0.0]",,-0.06672768294811249,0.14519166946411133,-0.01791284233331682,"[1.2184696791468346e-07, 0.0, 0.0, 0.0, 1.2184696791468346e-07, 0.0, 0.0, 0.0, 1.2184696791468346e-07]",,1.335919737815857,0.2103228867053974,-9.608062744140625,"[8.999999999999999e-08, 0.0, 0.0, 0.0, 8.999999999999999e-08, 0.0, 0.0, 0.0, 8.999999999999999e-08]"
1617797305460705531,,3350,,1617797305,456994352,"""base_link""",,0.0,0.0,0.0,0.0,"[-1.0, 0.0, 0.0, 0.0, 0.0, 0.0, 0.0, 0.0, 0.0]",,-0.08932512998580933,0.16690374910831451,0.018148746341466883,"[1.2184696791468346e-07, 0.0, 0.0, 0.0, 1.2184696791468346e-07, 0.0, 0.0, 0.0, 1.2184696791468346e-07]",,1.2287873029708862,0.3597161471843708,-9.62791919708252,"[8.999999999999999e-08, 0.0, 0.0, 0.0, 8.999999999999999e-08, 0.0, 0.0, 0.0, 8.999999999999999e-08]"
1617797305481436977,,3351,,1617797305,476994352,"""base_link""",,0.0,0.0,0.0,0.0,"[-1.0, 0.0, 0.0, 0.0, 0.0, 0.0, 0.0, 0.0, 0.0]",,-0.09353863447904587,0.1603906750679016,0.05508359149098394,"[1.2184696791468346e-07, 0.0, 0.0, 0.0, 1.2184696791468346e-07, 0.0, 0.0, 0.0, 1.2184696791468346e-07]",,1.2852307558059692,0.3943399488925922,-9.559342384338379,"[8.999999999999999e-08, 0.0, 0.0, 0.0, 8.999999999999999e-08, 0.0, 0.0, 0.0, 8.999999999999999e-08]"
1617797305499747034,,3352,,1617797305,496994352,"""base_link""",,0.0,0.0,0.0,0.0,"[-1.0, 0.0, 0.0, 0.0, 0.0, 0.0, 0.0, 0.0, 0.0]",,-0.07093844562768936,0.13435666263103485,0.06518976390361785,"[1.2184696791468346e-07, 0.0, 0.0, 0.0, 1.2184696791468346e-07, 0.0, 0.0, 0.0, 1.2184696791468346e-07]",,1.3175379037857056,0.4121751189231861,-9.558120727539062,"[8.999999999999999e-08, 0.0, 0.0, 0.0, 8.999999999999999e-08, 0.0, 0.0, 0.0, 8.999999999999999e-08]"
1617797305522671517,,3353,,1617797305,516980784,"""base_link""",,0.0,0.0,0.0,0.0,"[-1.0, 0.0, 0.0, 0.0, 0.0, 0.0, 0.0, 0.0, 0.0]",,-0.04857511818408966,0.09296130388975145,0.058703675866127,"[1.2184696791468346e-07, 0.0, 0.0, 0.0, 1.2184696791468346e-07, 0.0, 0.0, 0.0, 1.2184696791468346e-07]",,1.3504489660263062,0.4414436817169178,-9.589966773986816,"[8.999999999999999e-08, 0.0, 0.0, 0.0, 8.999999999999999e-08, 0.0, 0.0, 0.0, 8.999999999999999e-08]"
1617797305540335204,,3354,,1617797305,536980784,"""base_link""",,0.0,0.0,0.0,0.0,"[-1.0, 0.0, 0.0, 0.0, 0.0, 0.0, 0.0, 0.0, 0.0]",,-0.0363001748919487,0.03906214609742165,0.04501872137188911,"[1.2184696791468346e-07, 0.0, 0.0, 0.0, 1.2184696791468346e-07, 0.0, 0.0, 0.0, 1.2184696791468346e-07]",,1.2907960414886475,0.484545052051543,-9.60678482055664,"[8.999999999999999e-08, 0.0, 0.0, 0.0, 8.999999999999999e-08, 0.0, 0.0, 0.0, 8.999999999999999e-08]"
1617797305561163320,,3355,,1617797305,556980784,"""base_link""",,0.0,0.0,0.0,0.0,"[-1.0, 0.0, 0.0, 0.0, 0.0, 0.0, 0.0, 0.0, 0.0]",,-0.018334930762648582,-0.017614867538213726,0.027448793873190883,"[1.2184696791468346e-07, 0.0, 0.0, 0.0, 1.2184696791468346e-07, 0.0, 0.0, 0.0, 1.2184696791468346e-07]",,1.3150664567947388,0.43762806057929876,-9.620027542114258,"[8.999999999999999e-08, 0.0, 0.0, 0.0, 8.999999999999999e-08, 0.0, 0.0, 0.0, 8.999999999999999e-08]"
1617797305579398181,,3356,,1617797305,576980784,"""base_link""",,0.0,0.0,0.0,0.0,"[-1.0, 0.0, 0.0, 0.0, 0.0, 0.0, 0.0, 0.0, 0.0]",,0.0031783569138497114,-0.0688144788146019,0.008461542427539834,"[1.2184696791468346e-07, 0.0, 0.0, 0.0, 1.2184696791468346e-07, 0.0, 0.0, 0.0, 1.2184696791468346e-07]",,1.2713454961776733,0.40059933066367986,-9.627778053283691,"[8.999999999999999e-08, 0.0, 0.0, 0.0, 8.999999999999999e-08, 0.0, 0.0, 0.0, 8.999999999999999e-08]"
1617797305600365715,,3357,,1617797305,596980784,"""base_link""",,0.0,0.0,0.0,0.0,"[-1.0, 0.0, 0.0, 0.0, 0.0, 0.0, 0.0, 0.0, 0.0]",,0.025503529235720634,-0.09760397672653198,-0.021238351240754117,"[1.2184696791468346e-07, 0.0, 0.0, 0.0, 1.2184696791468346e-07, 0.0, 0.0, 0.0, 1.2184696791468346e-07]",,1.3508309125900269,0.3597364425659168,-9.58545970916748,"[8.999999999999999e-08, 0.0, 0.0, 0.0, 8.999999999999999e-08, 0.0, 0.0, 0.0, 8.999999999999999e-08]"
1617797305621735257,,3358,,1617797305,616969472,"""base_link""",,0.0,0.0,0.0,0.0,"[-1.0, 0.0, 0.0, 0.0, 0.0, 0.0, 0.0, 0.0, 0.0]",,0.03617221862077713,-0.0974908396601677,-0.05088398605585097,"[1.2184696791468346e-07, 0.0, 0.0, 0.0, 1.2184696791468346e-07, 0.0, 0.0, 0.0, 1.2184696791468346e-07]",,1.331494688987732,0.2844396829605091,-9.612929344177246,"[8.999999999999999e-08, 0.0, 0.0, 0.0, 8.999999999999999e-08, 0.0, 0.0, 0.0, 8.999999999999999e-08]"
1617797305640524692,,3359,,1617797305,636967472,"""base_link""",,0.0,0.0,0.0,0.0,"[-1.0, 0.0, 0.0, 0.0, 0.0, 0.0, 0.0, 0.0, 0.0]",,0.03781575337052345,-0.07075588405132295,-0.059547856450080865,"[1.2184696791468346e-07, 0.0, 0.0, 0.0, 1.2184696791468346e-07, 0.0, 0.0, 0.0, 1.2184696791468346e-07]",,1.2820531129837036,0.2950600683689106,-9.698698997497559,"[8.999999999999999e-08, 0.0, 0.0, 0.0, 8.999999999999999e-08, 0.0, 0.0, 0.0, 8.999999999999999e-08]"
1617797305661288112,,3360,,1617797305,656967472,"""base_link""",,0.0,0.0,0.0,0.0,"[-1.0, 0.0, 0.0, 0.0, 0.0, 0.0, 0.0, 0.0, 0.0]",,0.03316901624202728,-0.029061805456876758,-0.03821803629398345,"[1.2184696791468346e-07, 0.0, 0.0, 0.0, 1.2184696791468346e-07, 0.0, 0.0, 0.0, 1.2184696791468346e-07]",,1.2316118478775024,0.31417825818061706,-9.74639892578125,"[8.999999999999999e-08, 0.0, 0.0, 0.0, 8.999999999999999e-08, 0.0, 0.0, 0.0, 8.999999999999999e-08]"
1617797305679290421,,3361,,1617797305,676967472,"""base_link""",,0.0,0.0,0.0,0.0,"[-1.0, 0.0, 0.0, 0.0, 0.0, 0.0, 0.0, 0.0, 0.0]",,0.03981650248169899,0.01758107915520668,0.002034900942817328,"[1.2184696791468346e-07, 0.0, 0.0, 0.0, 1.2184696791468346e-07, 0.0, 0.0, 0.0, 1.2184696791468346e-07]",,1.235829472541809,0.3665365576744068,-9.732305526733398,"[8.999999999999999e-08, 0.0, 0.0, 0.0, 8.999999999999999e-08, 0.0, 0.0, 0.0, 8.999999999999999e-08]"
1617797305700246006,,3362,,1617797305,696967472,"""base_link""",,0.0,0.0,0.0,0.0,"[-1.0, 0.0, 0.0, 0.0, 0.0, 0.0, 0.0, 0.0, 0.0]",,0.048432234674692154,0.041091933846473694,0.02682254090905189,"[1.2184696791468346e-07, 0.0, 0.0, 0.0, 1.2184696791468346e-07, 0.0, 0.0, 0.0, 1.2184696791468346e-07]",,1.3112972974777222,0.37156283855438116,-9.669729232788086,"[8.999999999999999e-08, 0.0, 0.0, 0.0, 8.999999999999999e-08, 0.0, 0.0, 0.0, 8.999999999999999e-08]"
1617797305722446209,,3363,,1617797305,716955648,"""base_link""",,0.0,0.0,0.0,0.0,"[-1.0, 0.0, 0.0, 0.0, 0.0, 0.0, 0.0, 0.0, 0.0]",,0.04049152135848999,0.03543764352798462,0.02666329964995384,"[1.2184696791468346e-07, 0.0, 0.0, 0.0, 1.2184696791468346e-07, 0.0, 0.0, 0.0, 1.2184696791468346e-07]",,1.231567144393921,0.3565233647823322,-9.615669250488281,"[8.999999999999999e-08, 0.0, 0.0, 0.0, 8.999999999999999e-08, 0.0, 0.0, 0.0, 8.999999999999999e-08]"
1617797305740492704,,3364,,1617797305,736953648,"""base_link""",,0.0,0.0,0.0,0.0,"[-1.0, 0.0, 0.0, 0.0, 0.0, 0.0, 0.0, 0.0, 0.0]",,0.02060876227915287,0.013495182618498804,0.016898298636078835,"[1.2184696791468346e-07, 0.0, 0.0, 0.0, 1.2184696791468346e-07, 0.0, 0.0, 0.0, 1.2184696791468346e-07]",,1.3396408557891846,0.3966626822948444,-9.489903450012207,"[8.999999999999999e-08, 0.0, 0.0, 0.0, 8.999999999999999e-08, 0.0, 0.0, 0.0, 8.999999999999999e-08]"
1617797305761596495,,3365,,1617797305,756953648,"""base_link""",,0.0,0.0,0.0,0.0,"[-1.0, 0.0, 0.0, 0.0, 0.0, 0.0, 0.0, 0.0, 0.0]",,0.01900564506649971,-0.009931078180670738,0.0010706511093303574,"[1.2184696791468346e-07, 0.0, 0.0, 0.0, 1.2184696791468346e-07, 0.0, 0.0, 0.0, 1.2184696791468346e-07]",,1.36378812789917,0.43723890185356024,-9.511523246765137,"[8.999999999999999e-08, 0.0, 0.0, 0.0, 8.999999999999999e-08, 0.0, 0.0, 0.0, 8.999999999999999e-08]"
1617797305779378176,,3366,,1617797305,776953648,"""base_link""",,0.0,0.0,0.0,0.0,"[-1.0, 0.0, 0.0, 0.0, 0.0, 0.0, 0.0, 0.0, 0.0]",,0.02232522889971733,-0.03672083839774132,-0.0075543276034295516,"[1.2184696791468346e-07, 0.0, 0.0, 0.0, 1.2184696791468346e-07, 0.0, 0.0, 0.0, 1.2184696791468346e-07]",,1.370898962020874,0.44985526800155523,-9.514490127563477,"[8.999999999999999e-08, 0.0, 0.0, 0.0, 8.999999999999999e-08, 0.0, 0.0, 0.0, 8.999999999999999e-08]"
1617797305802602108,,3367,,1617797305,796956648,"""base_link""",,0.0,0.0,0.0,0.0,"[-1.0, 0.0, 0.0, 0.0, 0.0, 0.0, 0.0, 0.0, 0.0]",,0.026399455964565277,-0.05702732130885124,-0.008719046600162976,"[1.2184696791468346e-07, 0.0, 0.0, 0.0, 1.2184696791468346e-07, 0.0, 0.0, 0.0, 1.2184696791468346e-07]",,1.3405437469482422,0.4381338655948627,-9.593363761901855,"[8.999999999999999e-08, 0.0, 0.0, 0.0, 8.999999999999999e-08, 0.0, 0.0, 0.0, 8.999999999999999e-08]"
1617797305821276136,,3368,,1617797305,816953648,"""base_link""",,0.0,0.0,0.0,0.0,"[-1.0, 0.0, 0.0, 0.0, 0.0, 0.0, 0.0, 0.0, 0.0]",,0.025536326691508293,-0.0593317374587059,-0.006418365053832524,"[1.2184696791468346e-07, 0.0, 0.0, 0.0, 1.2184696791468346e-07, 0.0, 0.0, 0.0, 1.2184696791468346e-07]",,1.3950560092926025,0.42914882302284124,-9.560752868652344,"[8.999999999999999e-08, 0.0, 0.0, 0.0, 8.999999999999999e-08, 0.0, 0.0, 0.0, 8.999999999999999e-08]"
1617797305839132126,,3369,,1617797305,836940080,"""base_link""",,0.0,0.0,0.0,0.0,"[-1.0, 0.0, 0.0, 0.0, 0.0, 0.0, 0.0, 0.0, 0.0]",,0.020194092765450478,-0.04872732236981392,-0.014747140929102892,"[1.2184696791468346e-07, 0.0, 0.0, 0.0, 1.2184696791468346e-07, 0.0, 0.0, 0.0, 1.2184696791468346e-07]",,1.3642332553863525,0.3781169652938831,-9.596240997314453,"[8.999999999999999e-08, 0.0, 0.0, 0.0, 8.999999999999999e-08, 0.0, 0.0, 0.0, 8.999999999999999e-08]"
1617797305860398297,,3370,,1617797305,856940080,"""base_link""",,0.0,0.0,0.0,0.0,"[-1.0, 0.0, 0.0, 0.0, 0.0, 0.0, 0.0, 0.0, 0.0]",,0.009761744178831577,-0.033137306571006775,-0.01561974640935659,"[1.2184696791468346e-07, 0.0, 0.0, 0.0, 1.2184696791468346e-07, 0.0, 0.0, 0.0, 1.2184696791468346e-07]",,1.3300163745880127,0.30653285980224493,-9.586210250854492,"[8.999999999999999e-08, 0.0, 0.0, 0.0, 8.999999999999999e-08, 0.0, 0.0, 0.0, 8.999999999999999e-08]"
1617797305881106707,,3371,,1617797305,876943080,"""base_link""",,0.0,0.0,0.0,0.0,"[-1.0, 0.0, 0.0, 0.0, 0.0, 0.0, 0.0, 0.0, 0.0]",,-0.0019572791643440723,-0.018904099240899086,-0.00017708736413623907,"[1.2184696791468346e-07, 0.0, 0.0, 0.0, 1.2184696791468346e-07, 0.0, 0.0, 0.0, 1.2184696791468346e-07]",,1.2993358373641968,0.28572589159011724,-9.630558013916016,"[8.999999999999999e-08, 0.0, 0.0, 0.0, 8.999999999999999e-08, 0.0, 0.0, 0.0, 8.999999999999999e-08]"
1617797305899335730,,3372,,1617797305,896940080,"""base_link""",,0.0,0.0,0.0,0.0,"[-1.0, 0.0, 0.0, 0.0, 0.0, 0.0, 0.0, 0.0, 0.0]",,-0.018770955502986908,-0.002107886364683507,0.012959850020706654,"[1.2184696791468346e-07, 0.0, 0.0, 0.0, 1.2184696791468346e-07, 0.0, 0.0, 0.0, 1.2184696791468346e-07]",,1.3433234691619873,0.25567650794982794,-9.63599681854248,"[8.999999999999999e-08, 0.0, 0.0, 0.0, 8.999999999999999e-08, 0.0, 0.0, 0.0, 8.999999999999999e-08]"
1617797305921467136,,3373,,1617797305,916940080,"""base_link""",,0.0,0.0,0.0,0.0,"[-1.0, 0.0, 0.0, 0.0, 0.0, 0.0, 0.0, 0.0, 0.0]",,-0.02907964214682579,0.02169493213295937,0.021911742165684697,"[1.2184696791468346e-07, 0.0, 0.0, 0.0, 1.2184696791468346e-07, 0.0, 0.0, 0.0, 1.2184696791468346e-07]",,1.2592861652374268,0.25190219283103826,-9.620040893554688,"[8.999999999999999e-08, 0.0, 0.0, 0.0, 8.999999999999999e-08, 0.0, 0.0, 0.0, 8.999999999999999e-08]"
1617797305939067764,,3374,,1617797305,936926256,"""base_link""",,0.0,0.0,0.0,0.0,"[-1.0, 0.0, 0.0, 0.0, 0.0, 0.0, 0.0, 0.0, 0.0]",,-0.0420457199215889,0.03750062361359596,0.02518077380955219,"[1.2184696791468346e-07, 0.0, 0.0, 0.0, 1.2184696791468346e-07, 0.0, 0.0, 0.0, 1.2184696791468346e-07]",,1.2586089372634888,0.21542435884475591,-9.603348731994629,"[8.999999999999999e-08, 0.0, 0.0, 0.0, 8.999999999999999e-08, 0.0, 0.0, 0.0, 8.999999999999999e-08]"
1617797305960188954,,3375,,1617797305,956926256,"""base_link""",,0.0,0.0,0.0,0.0,"[-1.0, 0.0, 0.0, 0.0, 0.0, 0.0, 0.0, 0.0, 0.0]",,-0.054447952657938004,0.05411139130592346,0.018212446942925446,"[1.2184696791468346e-07, 0.0, 0.0, 0.0, 1.2184696791468346e-07, 0.0, 0.0, 0.0, 1.2184696791468346e-07]",,1.2226972579956055,0.29242935776710394,-9.561155319213867,"[8.999999999999999e-08, 0.0, 0.0, 0.0, 8.999999999999999e-08, 0.0, 0.0, 0.0, 8.999999999999999e-08]"
1617797305981356918,,3376,,1617797305,976926256,"""base_link""",,0.0,0.0,0.0,0.0,"[-1.0, 0.0, 0.0, 0.0, 0.0, 0.0, 0.0, 0.0, 0.0]",,-0.06820829212665558,0.06880692392587662,0.006786677055060855,"[1.2184696791468346e-07, 0.0, 0.0, 0.0, 1.2184696791468346e-07, 0.0, 0.0, 0.0, 1.2184696791468346e-07]",,1.2127339839935303,0.2871937453746784,-9.617006301879883,"[8.999999999999999e-08, 0.0, 0.0, 0.0, 8.999999999999999e-08, 0.0, 0.0, 0.0, 8.999999999999999e-08]"
1617797305999381176,,3377,,1617797305,996926256,"""base_link""",,0.0,0.0,0.0,0.0,"[-1.0, 0.0, 0.0, 0.0, 0.0, 0.0, 0.0, 0.0, 0.0]",,-0.07129909098148346,0.06991595774888992,0.0003822456055786375,"[1.2184696791468346e-07, 0.0, 0.0, 0.0, 1.2184696791468346e-07, 0.0, 0.0, 0.0, 1.2184696791468346e-07]",,1.2651289701461792,0.3363008499145496,-9.662118911743164,"[8.999999999999999e-08, 0.0, 0.0, 0.0, 8.999999999999999e-08, 0.0, 0.0, 0.0, 8.999999999999999e-08]"
1617797306022083993,,3378,,1617797306,16912944,"""base_link""",,0.0,0.0,0.0,0.0,"[-1.0, 0.0, 0.0, 0.0, 0.0, 0.0, 0.0, 0.0, 0.0]",,-0.05322611704468727,0.049167241901159286,0.005351856816560024,"[1.2184696791468346e-07, 0.0, 0.0, 0.0, 1.2184696791468346e-07, 0.0, 0.0, 0.0, 1.2184696791468346e-07]",,1.2570828199386597,0.4016782045364368,-9.672658920288086,"[8.999999999999999e-08, 0.0, 0.0, 0.0, 8.999999999999999e-08, 0.0, 0.0, 0.0, 8.999999999999999e-08]"
1617797306039177606,,3379,,1617797306,36912944,"""base_link""",,0.0,0.0,0.0,0.0,"[-1.0, 0.0, 0.0, 0.0, 0.0, 0.0, 0.0, 0.0, 0.0]",,-0.011657158844172955,0.022155554965138435,0.008957914076745507,"[1.2184696791468346e-07, 0.0, 0.0, 0.0, 1.2184696791468346e-07, 0.0, 0.0, 0.0, 1.2184696791468346e-07]",,1.3203399181365967,0.5186205506324756,-9.623573303222656,"[8.999999999999999e-08, 0.0, 0.0, 0.0, 8.999999999999999e-08, 0.0, 0.0, 0.0, 8.999999999999999e-08]"
1617797306060511862,,3380,,1617797306,56912944,"""base_link""",,0.0,0.0,0.0,0.0,"[-1.0, 0.0, 0.0, 0.0, 0.0, 0.0, 0.0, 0.0, 0.0]",,0.030527668073773384,-0.012263151817023756,-0.012999375350773333,"[1.2184696791468346e-07, 0.0, 0.0, 0.0, 1.2184696791468346e-07, 0.0, 0.0, 0.0, 1.2184696791468346e-07]",,1.4317972660064697,0.5222139358520496,-9.585000991821289,"[8.999999999999999e-08, 0.0, 0.0, 0.0, 8.999999999999999e-08, 0.0, 0.0, 0.0, 8.999999999999999e-08]"
1617797306080970283,,3381,,1617797306,76912944,"""base_link""",,0.0,0.0,0.0,0.0,"[-1.0, 0.0, 0.0, 0.0, 0.0, 0.0, 0.0, 0.0, 0.0]",,0.05773104354739189,-0.0446135737001896,-0.03688141703605651,"[1.2184696791468346e-07, 0.0, 0.0, 0.0, 1.2184696791468346e-07, 0.0, 0.0, 0.0, 1.2184696791468346e-07]",,1.3508763313293457,0.46746289730071905,-9.606545448303223,"[8.999999999999999e-08, 0.0, 0.0, 0.0, 8.999999999999999e-08, 0.0, 0.0, 0.0, 8.999999999999999e-08]"
1617797306099499055,,3382,,1617797306,96912944,"""base_link""",,0.0,0.0,0.0,0.0,"[-1.0, 0.0, 0.0, 0.0, 0.0, 0.0, 0.0, 0.0, 0.0]",,0.0709972083568573,-0.06531651318073273,-0.045980345457792275,"[1.2184696791468346e-07, 0.0, 0.0, 0.0, 1.2184696791468346e-07, 0.0, 0.0, 0.0, 1.2184696791468346e-07]",,1.3287570476531982,0.4055019617080677,-9.610356330871582,"[8.999999999999999e-08, 0.0, 0.0, 0.0, 8.999999999999999e-08, 0.0, 0.0, 0.0, 8.999999999999999e-08]"
1617797306121063337,,3383,,1617797306,116912944,"""base_link""",,0.0,0.0,0.0,0.0,"[-1.0, 0.0, 0.0, 0.0, 0.0, 0.0, 0.0, 0.0, 0.0]",,0.06499838083982468,-0.06154434010386468,-0.04244948178529739,"[1.2184696791468346e-07, 0.0, 0.0, 0.0, 1.2184696791468346e-07, 0.0, 0.0, 0.0, 1.2184696791468346e-07]",,1.324449062347412,0.3549143671989429,-9.608526229858398,"[8.999999999999999e-08, 0.0, 0.0, 0.0, 8.999999999999999e-08, 0.0, 0.0, 0.0, 8.999999999999999e-08]"
1617797306139107957,,3384,,1617797306,136899632,"""base_link""",,0.0,0.0,0.0,0.0,"[-1.0, 0.0, 0.0, 0.0, 0.0, 0.0, 0.0, 0.0, 0.0]",,0.040365349501371384,-0.0298126507550478,-0.03427476063370704,"[1.2184696791468346e-07, 0.0, 0.0, 0.0, 1.2184696791468346e-07, 0.0, 0.0, 0.0, 1.2184696791468346e-07]",,1.3254438638687134,0.3195997476577747,-9.559776306152344,"[8.999999999999999e-08, 0.0, 0.0, 0.0, 8.999999999999999e-08, 0.0, 0.0, 0.0, 8.999999999999999e-08]"
1617797306160256421,,3385,,1617797306,156899632,"""base_link""",,0.0,0.0,0.0,0.0,"[-1.0, 0.0, 0.0, 0.0, 0.0, 0.0, 0.0, 0.0, 0.0]",,-0.0029652779921889305,0.012615970335900782,-0.019609276205301285,"[1.2184696791468346e-07, 0.0, 0.0, 0.0, 1.2184696791468346e-07, 0.0, 0.0, 0.0, 1.2184696791468346e-07]",,1.290122151374817,0.24888917803764227,-9.625980377197266,"[8.999999999999999e-08, 0.0, 0.0, 0.0, 8.999999999999999e-08, 0.0, 0.0, 0.0, 8.999999999999999e-08]"
1617797306180919132,,3386,,1617797306,176899632,"""base_link""",,0.0,0.0,0.0,0.0,"[-1.0, 0.0, 0.0, 0.0, 0.0, 0.0, 0.0, 0.0, 0.0]",,-0.04217816889286041,0.04691224917769432,0.008879953064024443,"[1.2184696791468346e-07, 0.0, 0.0, 0.0, 1.2184696791468346e-07, 0.0, 0.0, 0.0, 1.2184696791468346e-07]",,1.2586305141448975,0.27383366227149847,-9.660205841064453,"[8.999999999999999e-08, 0.0, 0.0, 0.0, 8.999999999999999e-08, 0.0, 0.0, 0.0, 8.999999999999999e-08]"
1617797306199729354,,3387,,1617797306,196899632,"""base_link""",,0.0,0.0,0.0,0.0,"[-1.0, 0.0, 0.0, 0.0, 0.0, 0.0, 0.0, 0.0, 0.0]",,-0.050038743764162064,0.048644393682479865,0.03825919702649116,"[1.2184696791468346e-07, 0.0, 0.0, 0.0, 1.2184696791468346e-07, 0.0, 0.0, 0.0, 1.2184696791468346e-07]",,1.3752802610397339,0.30526852607726934,-9.599902153015137,"[8.999999999999999e-08, 0.0, 0.0, 0.0, 8.999999999999999e-08, 0.0, 0.0, 0.0, 8.999999999999999e-08]"
1617797306221093159,,3388,,1617797306,216886320,"""base_link""",,0.0,0.0,0.0,0.0,"[-1.0, 0.0, 0.0, 0.0, 0.0, 0.0, 0.0, 0.0, 0.0]",,-0.022870877757668495,0.021890077739954,0.05516253784298897,"[1.2184696791468346e-07, 0.0, 0.0, 0.0, 1.2184696791468346e-07, 0.0, 0.0, 0.0, 1.2184696791468346e-07]",,1.3209633827209473,0.4052878320217121,-9.473505020141602,"[8.999999999999999e-08, 0.0, 0.0, 0.0, 8.999999999999999e-08, 0.0, 0.0, 0.0, 8.999999999999999e-08]"
1617797306239283034,,3389,,1617797306,236886320,"""base_link""",,0.0,0.0,0.0,0.0,"[-1.0, 0.0, 0.0, 0.0, 0.0, 0.0, 0.0, 0.0, 0.0]",,-0.0037395376712083817,-0.010735037736594668,0.07028735429048538,"[1.2184696791468346e-07, 0.0, 0.0, 0.0, 1.2184696791468346e-07, 0.0, 0.0, 0.0, 1.2184696791468346e-07]",,1.3900827169418335,0.39011904597282293,-9.693507194519043,"[8.999999999999999e-08, 0.0, 0.0, 0.0, 8.999999999999999e-08, 0.0, 0.0, 0.0, 8.999999999999999e-08]"
1617797306260101913,,3390,,1617797306,256886320,"""base_link""",,0.0,0.0,0.0,0.0,"[-1.0, 0.0, 0.0, 0.0, 0.0, 0.0, 0.0, 0.0, 0.0]",,0.014871620573103428,-0.04783820360898971,0.06289651989936829,"[1.2184696791468346e-07, 0.0, 0.0, 0.0, 1.2184696791468346e-07, 0.0, 0.0, 0.0, 1.2184696791468346e-07]",,1.3459420204162598,0.44153094291686895,-9.684852600097656,"[8.999999999999999e-08, 0.0, 0.0, 0.0, 8.999999999999999e-08, 0.0, 0.0, 0.0, 8.999999999999999e-08]"
1617797306281244165,,3391,,1617797306,276886320,"""base_link""",,0.0,0.0,0.0,0.0,"[-1.0, 0.0, 0.0, 0.0, 0.0, 0.0, 0.0, 0.0, 0.0]",,0.03207471966743469,-0.08437027782201767,0.03786148503422738,"[1.2184696791468346e-07, 0.0, 0.0, 0.0, 1.2184696791468346e-07, 0.0, 0.0, 0.0, 1.2184696791468346e-07]",,1.331032395362854,0.4104501903057087,-9.662227630615234,"[8.999999999999999e-08, 0.0, 0.0, 0.0, 8.999999999999999e-08, 0.0, 0.0, 0.0, 8.999999999999999e-08]"
1617797306299392192,,3392,,1617797306,296886320,"""base_link""",,0.0,0.0,0.0,0.0,"[-1.0, 0.0, 0.0, 0.0, 0.0, 0.0, 0.0, 0.0, 0.0]",,0.051054712384939194,-0.10664167255163193,0.011670855805277838,"[1.2184696791468346e-07, 0.0, 0.0, 0.0, 1.2184696791468346e-07, 0.0, 0.0, 0.0, 1.2184696791468346e-07]",,1.2727092504501343,0.5045678019523608,-9.568634986877441,"[8.999999999999999e-08, 0.0, 0.0, 0.0, 8.999999999999999e-08, 0.0, 0.0, 0.0, 8.999999999999999e-08]"
1617797306321880295,,3393,,1617797306,316892320,"""base_link""",,0.0,0.0,0.0,0.0,"[-1.0, 0.0, 0.0, 0.0, 0.0, 0.0, 0.0, 0.0, 0.0]",,0.06372451037168503,-0.10438060015439987,-0.014240098185837257,"[1.2184696791468346e-07, 0.0, 0.0, 0.0, 1.2184696791468346e-07, 0.0, 0.0, 0.0, 1.2184696791468346e-07]",,1.285402536392212,0.44016003608703497,-9.532526016235352,"[8.999999999999999e-08, 0.0, 0.0, 0.0, 8.999999999999999e-08, 0.0, 0.0, 0.0, 8.999999999999999e-08]"
1617797306339481497,,3394,,1617797306,336871984,"""base_link""",,0.0,0.0,0.0,0.0,"[-1.0, 0.0, 0.0, 0.0, 0.0, 0.0, 0.0, 0.0, 0.0]",,0.05572997033596039,-0.08442439883947372,-0.03212594240903854,"[1.2184696791468346e-07, 0.0, 0.0, 0.0, 1.2184696791468346e-07, 0.0, 0.0, 0.0, 1.2184696791468346e-07]",,1.2254732847213745,0.28961300849914434,-9.64907169342041,"[8.999999999999999e-08, 0.0, 0.0, 0.0, 8.999999999999999e-08, 0.0, 0.0, 0.0, 8.999999999999999e-08]"
1617797306360293702,,3395,,1617797306,356871984,"""base_link""",,0.0,0.0,0.0,0.0,"[-1.0, 0.0, 0.0, 0.0, 0.0, 0.0, 0.0, 0.0, 0.0]",,0.029755646362900734,-0.04764863476157189,-0.042932514101266854,"[1.2184696791468346e-07, 0.0, 0.0, 0.0, 1.2184696791468346e-07, 0.0, 0.0, 0.0, 1.2184696791468346e-07]",,1.2363766431808472,0.23111799359321475,-9.636487007141113,"[8.999999999999999e-08, 0.0, 0.0, 0.0, 8.999999999999999e-08, 0.0, 0.0, 0.0, 8.999999999999999e-08]"
1617797306381287635,,3396,,1617797306,376873984,"""base_link""",,0.0,0.0,0.0,0.0,"[-1.0, 0.0, 0.0, 0.0, 0.0, 0.0, 0.0, 0.0, 0.0]",,-0.00445167813450098,0.006816222332417959,-0.04722583293914795,"[1.2184696791468346e-07, 0.0, 0.0, 0.0, 1.2184696791468346e-07, 0.0, 0.0, 0.0, 1.2184696791468346e-07]",,1.2912229299545288,0.156647279858588,-9.612107276916504,"[8.999999999999999e-08, 0.0, 0.0, 0.0, 8.999999999999999e-08, 0.0, 0.0, 0.0, 8.999999999999999e-08]"
1617797306399616167,,3397,,1617797306,396871984,"""base_link""",,0.0,0.0,0.0,0.0,"[-1.0, 0.0, 0.0, 0.0, 0.0, 0.0, 0.0, 0.0, 0.0]",,-0.039214566349983215,0.06414775550365448,-0.03416899219155312,"[1.2184696791468346e-07, 0.0, 0.0, 0.0, 1.2184696791468346e-07, 0.0, 0.0, 0.0, 1.2184696791468346e-07]",,1.259551763534546,0.22650428116321444,-9.650422096252441,"[8.999999999999999e-08, 0.0, 0.0, 0.0, 8.999999999999999e-08, 0.0, 0.0, 0.0, 8.999999999999999e-08]"
1617797306421101290,,3398,,1617797306,416858416,"""base_link""",,0.0,0.0,0.0,0.0,"[-1.0, 0.0, 0.0, 0.0, 0.0, 0.0, 0.0, 0.0, 0.0]",,-0.07071466743946075,0.11189442873001099,-0.011403552256524577,"[1.2184696791468346e-07, 0.0, 0.0, 0.0, 1.2184696791468346e-07, 0.0, 0.0, 0.0, 1.2184696791468346e-07]",,1.2382245063781738,0.3404965698719013,-9.63000202178955,"[8.999999999999999e-08, 0.0, 0.0, 0.0, 8.999999999999999e-08, 0.0, 0.0, 0.0, 8.999999999999999e-08]"
1617797306439401736,,3399,,1617797306,436858416,"""base_link""",,0.0,0.0,0.0,0.0,"[-1.0, 0.0, 0.0, 0.0, 0.0, 0.0, 0.0, 0.0, 0.0]",,-0.07139408588409424,0.13646410405635834,0.012306449934840185,"[1.2184696791468346e-07, 0.0, 0.0, 0.0, 1.2184696791468346e-07, 0.0, 0.0, 0.0, 1.2184696791468346e-07]",,1.2617179155349731,0.3554627895355213,-9.597548484802246,"[8.999999999999999e-08, 0.0, 0.0, 0.0, 8.999999999999999e-08, 0.0, 0.0, 0.0, 8.999999999999999e-08]"
1617797306460305061,,3400,,1617797306,456858416,"""base_link""",,0.0,0.0,0.0,0.0,"[-1.0, 0.0, 0.0, 0.0, 0.0, 0.0, 0.0, 0.0, 0.0]",,-0.05455358698964119,0.12270687520503998,0.017186488956212984,"[1.2184696791468346e-07, 0.0, 0.0, 0.0, 1.2184696791468346e-07, 0.0, 0.0, 0.0, 1.2184696791468346e-07]",,1.430113434791565,0.3223667442798603,-9.564220428466797,"[8.999999999999999e-08, 0.0, 0.0, 0.0, 8.999999999999999e-08, 0.0, 0.0, 0.0, 8.999999999999999e-08]"
1617797306481554608,,3401,,1617797306,476858416,"""base_link""",,0.0,0.0,0.0,0.0,"[-1.0, 0.0, 0.0, 0.0, 0.0, 0.0, 0.0, 0.0, 0.0]",,-0.03477078676223755,0.0885024294257164,0.0077884253114461795,"[1.2184696791468346e-07, 0.0, 0.0, 0.0, 1.2184696791468346e-07, 0.0, 0.0, 0.0, 1.2184696791468346e-07]",,1.4548190832138062,0.3029120266437519,-9.620227813720703,"[8.999999999999999e-08, 0.0, 0.0, 0.0, 8.999999999999999e-08, 0.0, 0.0, 0.0, 8.999999999999999e-08]"
1617797306499398112,,3402,,1617797306,496858416,"""base_link""",,0.0,0.0,0.0,0.0,"[-1.0, 0.0, 0.0, 0.0, 0.0, 0.0, 0.0, 0.0, 0.0]",,-0.01783938705921173,0.03698795661330223,0.003639073576778169,"[1.2184696791468346e-07, 0.0, 0.0, 0.0, 1.2184696791468346e-07, 0.0, 0.0, 0.0, 1.2184696791468346e-07]",,1.359965205192566,0.4403232038021076,-9.625048637390137,"[8.999999999999999e-08, 0.0, 0.0, 0.0, 8.999999999999999e-08, 0.0, 0.0, 0.0, 8.999999999999999e-08]"
1617797306521056877,,3403,,1617797306,516858416,"""base_link""",,0.0,0.0,0.0,0.0,"[-1.0, 0.0, 0.0, 0.0, 0.0, 0.0, 0.0, 0.0, 0.0]",,0.018375607207417488,-0.021701468154788014,0.022461632266640667,"[1.2184696791468346e-07, 0.0, 0.0, 0.0, 1.2184696791468346e-07, 0.0, 0.0, 0.0, 1.2184696791468346e-07]",,1.242960810661316,0.4955420792102802,-9.684404373168945,"[8.999999999999999e-08, 0.0, 0.0, 0.0, 8.999999999999999e-08, 0.0, 0.0, 0.0, 8.999999999999999e-08]"
