# time,current,ang.x, ang.y, ang.z, rate.x, rate.y, rate.z, accel.total, fall time, fall current
1.376666666666666572e+01,2.460730938888274977e+03,-1.469824473023183771e+02,7.481912933378593866e-01,4.254749653491735728e+01,-8.112863353252842558e+01,1.078371378509138765e+02,8.649459577142803823e+01,1.134759687296871178e+01,1.376666666666666572e+01,2.460730938888274977e+03
1.378333333333333321e+01,2.444942593031398246e+03,-1.479173478851512300e+02,-1.360885993176240705e-01,4.046935489793014540e+01,-1.127944902028826419e+02,1.143283828780476199e+02,7.681579738101507360e+01,1.054184669351685422e+01,0.000000000000000000e+00,0.000000000000000000e+00
1.379999999999999893e+01,2.408483748044565345e+03,-1.493558564335154415e+02,-1.382396687812026848e+00,3.868054246435723087e+01,-1.336107064196577596e+02,1.219065190757928292e+02,5.082850448376928654e+01,1.050120207493250035e+01,0.000000000000000000e+00,0.000000000000000000e+00
1.381666666666666643e+01,2.378165064248490580e+03,-1.514371544142787229e+02,-3.141662718968348589e+00,3.731563103328063136e+01,-1.510289204069704851e+02,1.341715513150937795e+02,1.666822742657807055e+01,1.038130325587989411e+01,0.000000000000000000e+00,0.000000000000000000e+00
1.383333333333333393e+01,2.365527814291416689e+03,-1.541567541369316814e+02,-5.497173612687576316e+00,3.638421759989469706e+01,-1.700416933400515518e+02,1.537227316276108127e+02,-1.699018853203611101e+01,9.805092583662538885e+00,0.000000000000000000e+00,0.000000000000000000e+00
1.384999999999999964e+01,2.369849093971443381e+03,-1.574572439102529415e+02,-8.404887745158738710e+00,3.584280829381049216e+01,-1.939479190687377184e+02,1.739727044693045741e+02,-4.340476321781969204e+01,9.027697523095188359e+00,0.000000000000000000e+00,0.000000000000000000e+00
1.386666666666666714e+01,2.383958205638941763e+03,-1.610503598919309241e+02,-1.138949712457353414e+01,3.554687624553226044e+01,-2.096454467587343800e+02,1.715444933294124894e+02,-5.103408908861944582e+01,9.594911197667270741e+00,0.000000000000000000e+00,0.000000000000000000e+00
1.388333333333333286e+01,2.399732061721562332e+03,-1.645615785744040522e+02,-1.380029185121220259e+01,3.533567675859382007e+01,-2.072189774759687566e+02,1.347089110220144335e+02,-3.810959187061062181e+01,1.225640072377376200e+01,0.000000000000000000e+00,0.000000000000000000e+00
1.390000000000000036e+01,2.411528493213675574e+03,-1.677148347344751187e+02,-1.516845971591523323e+01,3.509843646958486119e+01,-1.897538784010077961e+02,7.378243798959212540e+01,-1.380040078782020530e+01,1.527879982590896191e+01,0.000000000000000000e+00,0.000000000000000000e+00
1.391666666666666607e+01,2.417248667023096004e+03,-1.704476774628072633e+02,-1.541439975400303553e+01,3.479435780817888002e+01,-1.684223868136035662e+02,1.049789148510288328e+01,1.035461338414573618e+01,1.576139491443671403e+01,0.000000000000000000e+00,0.000000000000000000e+00
1.393333333333333357e+01,2.417669095645086600e+03,-1.679208451320821496e+02,-1.482688409803460061e+01,3.444665283780822307e+01,-1.536139546800590097e+02,-3.473136393404288214e+01,2.559920691211770105e+01,1.335451213626504163e+01,0.000000000000000000e+00,0.000000000000000000e+00
1.394999999999999929e+01,2.415015822132908852e+03,-1.248068636534864595e+02,-1.399292345108534441e+01,3.410369082950198560e+01,-1.475630137819318577e+02,-4.524508999114082997e+01,2.988748460094685200e+01,9.957119422283080112e+00,0.000000000000000000e+00,0.000000000000000000e+00
1.396666666666666679e+01,2.411607910120870656e+03,-4.470395484540838993e+01,-1.344804861594868939e+01,3.378559931999455301e+01,-1.365420437333372092e+02,-2.583291568667572236e+01,2.685593482423056599e+01,7.097973789733843297e+00,0.000000000000000000e+00,0.000000000000000000e+00
1.398333333333333250e+01,2.409023986910789517e+03,4.714781868865213710e+01,-1.338703423817744209e+01,3.351484773845641030e+01,-1.101867030315136873e+02,2.397858037335417691e+00,1.970960585471627979e+01,6.092597639068601190e+00,0.000000000000000000e+00,0.000000000000000000e+00
1.400000000000000000e+01,2.407870032341373644e+03,1.254387800517581866e+02,-1.367564668442480169e+01,3.331548453876666827e+01,-7.146835946936288053e+01,2.047263389974040848e+01,1.102927732355666279e+01,7.188542727872151872e+00,0.000000000000000000e+00,0.000000000000000000e+00
1.401666666666666572e+01,2.407981294933066238e+03,1.760243711960159487e+02,-1.405529145298613791e+01,3.319108870294336100e+01,-3.070631001632436607e+01,2.285026306277114472e+01,3.806070049428544877e+00,9.257212200648050171e+00,0.000000000000000000e+00,0.000000000000000000e+00
1.403333333333333321e+01,2.408807628621656477e+03,1.966964990204322703e+02,-1.431270343231374653e+01,3.312209976201287986e+01,4.132633382803035715e+00,1.406757880383479176e+01,7.826506412831335524e-02,1.079265970044850675e+01,0.000000000000000000e+00,0.000000000000000000e+00
1.404999999999999893e+01,2.409771285260655077e+03,1.540233958718148415e+02,-1.437955399763138153e+01,3.307939665976000043e+01,3.009073031005549836e+01,2.908211666272733531e+00,-4.761971439379655280e-01,1.146216671528221909e+01,0.000000000000000000e+00,0.000000000000000000e+00
1.406666666666666643e+01,2.410483656108850028e+03,6.211133698543227410e+01,-1.430939476492284612e+01,3.303821703431963641e+01,4.879424805129983156e+01,-4.417542554088511153e+00,9.698858774237327784e-01,1.127020899662157305e+01,0.000000000000000000e+00,0.000000000000000000e+00
1.408333333333333393e+01,2.410804198703813654e+03,-4.362101240346453324e+01,-1.419522969432512127e+01,3.298605330971983562e+01,6.274118678608231647e+01,-6.363269717875667197e+00,2.993933733440516498e+00,1.060854549349618914e+01,0.000000000000000000e+00,0.000000000000000000e+00
1.409999999999999964e+01,2.410787077392727042e+03,-1.312854594668534105e+02,-1.410432224488490327e+01,3.292187664550606030e+01,7.404210424353462372e+01,-4.912909079929150380e+00,4.517759985506335951e+00,9.986468504644731681e+00,0.000000000000000000e+00,0.000000000000000000e+00
1.411666666666666714e+01,2.410581367934437822e+03,-1.845023312009121810e+02,-1.405224176391257807e+01,3.285317456991575114e+01,8.460268512232778448e+01,-2.978805139528351908e+00,5.066128385581213145e+00,9.684495499808850383e+00,0.000000000000000000e+00,0.000000000000000000e+00
1.413333333333333286e+01,2.410339407976001439e+03,-2.031524249569246763e+02,-1.402116933753796957e+01,3.279186004759664286e+01,9.597048567589330048e+01,-2.223444934042109189e+00,4.643903425603421731e+00,9.656781484997420506e+00,0.000000000000000000e+00,0.000000000000000000e+00
1.415000000000000036e+01,2.410162163067422625e+03,-1.975400133696292926e+02,-1.398868026325438052e+01,3.274022772421190552e+01,1.092224405670403513e+02,-2.517376540765019932e+00,4.015005990485057019e+00,9.646118146834183449e+00,0.000000000000000000e+00,0.000000000000000000e+00
1.416666666666666607e+01,2.410085382759829827e+03,-1.809682096870644159e+02,-1.394158101414748785e+01,3.268898425365669880e+01,1.245593763990784169e+02,-3.129407084176443199e+00,3.872542864400712936e+00,9.511974511297330181e+00,0.000000000000000000e+00,0.000000000000000000e+00
1.418333333333333357e+01,2.410094396447974759e+03,-1.643626326969474292e+02,-1.384719507587226772e+01,3.262274646303236381e+01,1.329744959727214280e+02,-5.426034205279491651e+00,5.259838518673324970e+00,9.319475585357139380e+00,0.000000000000000000e+00,0.000000000000000000e+00
1.419999999999999929e+01,2.410150403195470062e+03,-1.538132778274589612e+02,-1.367722416321778844e+01,3.254333513400212041e+01,1.234664593678847524e+02,-9.796709844421512159e+00,7.436245933790830875e+00,9.523115444361783588e+00,0.000000000000000000e+00,0.000000000000000000e+00
1.421666666666666679e+01,2.410214229410476946e+03,-1.506743996938638759e+02,-1.344152549334268087e+01,3.247175861129505847e+01,9.267419777351591392e+01,-1.356221941690627908e+01,7.960679358888910429e+00,1.045544802542399232e+01,0.000000000000000000e+00,0.000000000000000000e+00
1.423333333333333250e+01,2.410260274418862991e+03,-1.531112831820901192e+02,-1.321872654165443528e+01,3.242081640181738322e+01,5.148909333551262080e+01,-1.243503379437176193e+01,6.319408301192767752e+00,1.100484558131290491e+01,0.000000000000000000e+00,0.000000000000000000e+00
1.425000000000000000e+01,2.410279850294263269e+03,-1.580663553278057520e+02,-1.310192426149355072e+01,3.239523825240974730e+01,1.345679566809249650e+01,-5.901484396216804207e+00,2.874679072677966296e+00,1.078567300926337680e+01,0.000000000000000000e+00,0.000000000000000000e+00
1.426666666666666572e+01,2.410277178004736015e+03,-1.628903172157559709e+02,-1.312340373875538546e+01,3.239428208365291084e+01,-1.457541372187699125e+01,2.173431676038898530e+00,-7.838526162191490343e-01,1.027194913446949442e+01,0.000000000000000000e+00,0.000000000000000000e+00
1.428333333333333321e+01,2.410262517511341684e+03,-1.661040915560651570e+02,-1.324515478696553927e+01,3.240636813733728161e+01,-3.054331664887364184e+01,7.583673213812057057e+00,-2.913135824740811231e+00,9.907367837327793580e+00,0.000000000000000000e+00,0.000000000000000000e+00
1.429999999999999893e+01,2.410246044437601995e+03,-1.674024501824583524e+02,-1.339533410680961900e+01,3.242077075156272770e+01,-3.468936680657533600e+01,8.672774489097996309e+00,-3.117139751316968521e+00,9.777183906571393024e+00,0.000000000000000000e+00,0.000000000000000000e+00
1.431666666666666643e+01,2.410234313494184335e+03,-1.672396435527769825e+02,-1.351471128403275834e+01,3.243333604746458576e+01,-2.872947711369647905e+01,6.506216806928122764e+00,-2.230219245440876019e+00,9.762457725824340571e+00,0.000000000000000000e+00,0.000000000000000000e+00
1.433333333333333393e+01,2.410229470766645591e+03,-1.663278290456561308e+02,-1.357869916837494806e+01,3.243805981338510946e+01,-1.513196123530336656e+01,3.373025045038703595e+00,-8.264034497101502286e-01,9.710242004452709352e+00,0.000000000000000000e+00,0.000000000000000000e+00
1.434999999999999964e+01,2.108950343297058225e+03,-1.652484194350331563e+02,-1.359157769069020816e+01,3.243353901830328567e+01,2.791334736995294108e+00,6.091796453838460579e-01,5.037202376125964332e-01,9.660589650601981049e+00,0.000000000000000000e+00,0.000000000000000000e+00
1.436666666666666714e+01,1.544054238938165554e+03,-1.643733007699765949e+02,-1.355889965080332971e+01,3.241911633221329225e+01,1.756821562279399984e+01,-1.855673555773553751e+00,1.557523004377309839e+00,9.703721151512400667e+00,0.000000000000000000e+00,0.000000000000000000e+00
1.438333333333333286e+01,8.991310275130972514e+02,-1.638686210615350660e+02,-1.349556243514097353e+01,3.239908354958226511e+01,2.347030863460994254e+01,-3.516472402369871020e+00,2.038635262304593798e+00,9.832250135616440900e+00,0.000000000000000000e+00,0.000000000000000000e+00
1.440000000000000036e+01,3.536524767834766863e+02,-1.637329500808876332e+02,-1.342806486434403013e+01,3.237983061837771004e+01,1.989399279868712611e+01,-3.530731004136695272e+00,1.759546218115870975e+00,9.913481795944228736e+00,0.000000000000000000e+00,0.000000000000000000e+00
1.441666666666666607e+01,5.813570740322120400e+00,-1.638570378380188970e+02,-1.338494388102582278e+01,3.236598720787688421e+01,1.090607182336681724e+01,-1.959347058810495312e+00,9.389709255761141682e-01,9.850301407453041946e+00,0.000000000000000000e+00,0.000000000000000000e+00
1.443333333333333357e+01,-1.381975751217649986e+02,-1.640939368815939190e+02,-1.337692523677020517e+01,3.235969497951337814e+01,1.420889259525161208e+00,-1.351811367925233043e-01,3.629561541193515595e-02,9.780838338294756795e+00,0.000000000000000000e+00,0.000000000000000000e+00
1.444999999999999929e+01,-1.344944343274485163e+02,-1.643214868496135637e+02,-1.339391303020335400e+01,3.236091321843702673e+01,-5.148599200145445920e+00,1.045162239100926094e+00,-6.299061919021846645e-01,9.802478976787490694e+00,0.000000000000000000e+00,0.000000000000000000e+00
1.446666666666666679e+01,-5.997530954391831415e+01,-1.644704216875514362e+02,-1.342303448921071407e+01,3.236726033168390870e+01,-7.641898510149741419e+00,1.531792060857420035e+00,-9.615467954424012920e-01,9.825911123802907099e+00,0.000000000000000000e+00,0.000000000000000000e+00
1.448333333333333250e+01,2.065205113473300003e+01,-1.645258618071729302e+02,-1.345286191473610415e+01,3.237464471013482381e+01,-6.757263832687493199e+00,1.445855416654962200e+00,-9.277293978800800200e-01,9.798689158899765772e+00,0.000000000000000000e+00,0.000000000000000000e+00
1.450000000000000000e+01,7.075323362771885627e+01,-1.645061765728402179e+02,-1.347420657297160496e+01,3.237930927172185136e+01,-3.863001592124133410e+00,8.971728527942727238e-01,-5.712622902727818586e-01,9.747892836509652881e+00,0.000000000000000000e+00,0.000000000000000000e+00
1.451666666666666572e+01,8.177500166274562332e+01,-1.644394857209212830e+02,-1.348088795049980959e+01,3.237907049906834089e+01,-2.473910987904117675e-01,5.279760124551857725e-02,-2.839889355493552259e-02,9.717635137357822472e+00,0.000000000000000000e+00,0.000000000000000000e+00
1.453333333333333321e+01,6.378695105505948959e+01,-1.643521536724047394e+02,-1.347197747923851097e+01,3.237346064404424340e+01,2.731852744460350646e+00,-7.391757796720364038e-01,4.832296074866839763e-01,9.697912372569714279e+00,0.000000000000000000e+00,0.000000000000000000e+00
1.454999999999999893e+01,3.369236855235588735e+01,-1.642712063060034779e+02,-1.345414785146232894e+01,3.236437161383745575e+01,3.902485428182320248e+00,-1.083465462141295355e+00,7.192039918626107475e-01,9.693581532535466394e+00,0.000000000000000000e+00,0.000000000000000000e+00
1.456666666666666643e+01,6.131758958490095779e+00,-1.642184598895258887e+02,-1.343799935476288177e+01,3.235516491294187347e+01,3.151471702734495395e+00,-8.731922951315562731e-01,6.028900127697172096e-01,9.707753858280121051e+00,0.000000000000000000e+00,0.000000000000000000e+00
1.458333333333333393e+01,-1.090985206667310337e+01,-1.642021417288397060e+02,-1.343081338874019792e+01,3.234876230274731768e+01,1.280147556618344007e+00,-3.507567535932446523e-01,2.607695596764390000e-01,9.733188559960428421e+00,0.000000000000000000e+00,0.000000000000000000e+00
1.459999999999999964e+01,-1.625250298580249364e+01,-1.642155731880191070e+02,-1.343363985996728083e+01,3.234615993964224145e+01,-6.081202971868218121e-01,1.406303923871741191e-01,-8.899252074212776753e-02,9.751013758836934997e+00,0.000000000000000000e+00,0.000000000000000000e+00
1.461666666666666714e+01,-1.317298689727037164e+01,-1.642429976664466267e+02,-1.344275902878531781e+01,3.234630680302630878e+01,-1.725407451748006471e+00,3.931665873381241516e-01,-2.797933028859626026e-01,9.746328080684467210e+00,0.000000000000000000e+00,0.000000000000000000e+00
1.463333333333333286e+01,-6.443353351905932946e+00,-1.642677482166021434e+02,-1.345263279034370996e+01,3.234714160400395144e+01,-1.869061478525716691e+00,3.559618235811877751e-01,-2.677114771700855878e-01,9.731700753877062127e+00,0.000000000000000000e+00,0.000000000000000000e+00
1.465000000000000036e+01,-6.311917075280071288e-02,-1.642782081829557512e+02,-1.345802062975509905e+01,3.234690817861347512e+01,-1.188316335325231288e+00,8.127187684481007590e-02,-9.584519354220030762e-02,9.721237853422049824e+00,0.000000000000000000e+00,0.000000000000000000e+00
1.466666666666666607e+01,3.801392327232766988e+00,-1.642683986990876122e+02,-1.345703700180608742e+01,3.234484904101493186e+01,-5.072620951098782971e-02,-2.332751430105837187e-01,1.113738574299395073e-01,9.723178371442957157e+00,0.000000000000000000e+00,0.000000000000000000e+00
1.468333333333333357e+01,4.798141966381814782e+00,-1.642413927406313405e+02,-1.345183178642830768e+01,3.234125793192694687e+01,9.271522929565689797e-01,-4.019590448176809105e-01,2.324968267695234347e-01,9.735340376133152063e+00,0.000000000000000000e+00,0.000000000000000000e+00
1.469999999999999929e+01,3.745932047988547176e+00,-1.642091851471600421e+02,-1.344648440245831367e+01,3.233720111150147858e+01,1.201163936736854954e+00,-3.636556515115745847e-01,2.183149390646546284e-01,9.745844802504917581e+00,0.000000000000000000e+00,0.000000000000000000e+00
1.471666666666666679e+01,1.851699508915818138e+00,-1.641852590460480883e+02,-1.344421058559523274e+01,3.233378589361747402e+01,6.907519593427051685e-01,-1.859750129736235102e-01,1.065118312198667094e-01,9.742658733057368181e+00,0.000000000000000000e+00,0.000000000000000000e+00
1.473333333333333250e+01,1.205832506260875459e-01,-1.641763514793768763e+02,-1.344590264806265267e+01,3.233147460850034349e+01,-1.205814284239200562e-01,-8.727757867067836850e-03,-7.414933837025308727e-03,9.724520209604213150e+00,0.000000000000000000e+00,0.000000000000000000e+00
1.475000000000000000e+01,-9.152687118396305443e-01,-1.641786428199307863e+02,-1.344912499374563275e+01,3.233007474726115049e+01,-6.634833027784945436e-01,2.089776158239656234e-02,-5.592107795102770063e-02,9.716696718529689747e+00,0.000000000000000000e+00,0.000000000000000000e+00
1.476666666666666572e+01,-1.187543488466745956e+00,-1.641826799106185319e+02,-1.345111816899733270e+01,3.232890991508985934e+01,-6.721184851997187293e-01,-7.063702766898394270e-02,-2.917618861020694621e-02,9.722487505046292000e+00,0.000000000000000000e+00,0.000000000000000000e+00
1.478333333333333321e+01,-9.229308431108740329e-01,-1.641803139560300338e+02,-1.345113637089606407e+01,3.232733802677876866e+01,-2.678280076081081540e-01,-1.658786470660505719e-01,2.666043386606682664e-02,9.732719248830086656e+00,0.000000000000000000e+00,0.000000000000000000e+00
1.479999999999999893e+01,-4.408488011309745214e-01,-1.641692218267167505e+02,-1.345022353685680372e+01,3.232512136500655231e+01,1.923052916697608472e-01,-1.886387275431370414e-01,6.237572307898069102e-02,9.737530018017510614e+00,0.000000000000000000e+00,0.000000000000000000e+00
1.481666666666666643e+01,-2.890401018155186463e-03,-1.641531725332391716e+02,-1.344962758591168850e+01,3.232249471158920073e+01,3.957136797303698050e-01,-1.575830055582431721e-01,6.573491607575068785e-02,9.733284627868794558e+00,0.000000000000000000e+00,0.000000000000000000e+00
1.483333333333333393e+01,2.546485334794713062e-01,-1.641380091124537159e+02,-1.344975610866839588e+01,3.231990186878478255e+01,2.792274250571423755e-01,-1.191763242198118355e-01,4.803464825909446734e-02,9.723263546361081922e+00,0.000000000000000000e+00,0.000000000000000000e+00
1.484999999999999964e+01,3.161220012498566767e-01,-1.641276266686559495e+02,-1.345063385641685727e+01,3.231770436442136685e+01,-1.776935951006562708e-02,-8.875755016469673297e-02,2.293447556142366728e-02,9.718840424821745927e+00,0.000000000000000000e+00,0.000000000000000000e+00
1.486666666666666714e+01,2.415031184273999931e-01,-1.641223304290037390e+02,-1.345178525924742807e+01,3.231592934528103456e+01,-2.922441618048692291e-01,-7.609479363820653708e-02,5.071910863331179770e-03,9.727966249261390530e+00,0.000000000000000000e+00,0.000000000000000000e+00
1.488333333333333286e+01,1.136437953876237861e-01,-1.641192794986412196e+02,-1.345284168832892391e+01,3.231432712668692631e+01,-3.691876352832093033e-01,-7.250060664199160787e-02,5.721619001007285238e-03,9.746200225363891079e+00,0.000000000000000000e+00,0.000000000000000000e+00
1.490000000000000036e+01,-4.389210171841517738e-04,-1.641146220771190087e+02,-1.345368123202758071e+01,3.231254154402846979e+01,-2.068285362582178433e-01,-6.773266243337017212e-02,2.579478268695839516e-02,9.760900099541139241e+00,0.000000000000000000e+00,0.000000000000000000e+00
1.491666666666666607e+01,-6.651952615492798260e-02,-1.641058413314453617e+02,-1.345431050391854200e+01,3.231028781151864848e+01,4.376454831421605629e-02,-7.033362200844295309e-02,5.332180280924570664e-02,9.761493868624357972e+00,0.000000000000000000e+00,0.000000000000000000e+00
1.493333333333333357e+01,-8.150417187150284237e-02,-1.640938663869725360e+02,-1.345473605318552757e+01,3.230760058106977795e+01,1.856307076430833702e-01,-9.043095937739355217e-02,7.508822323167949064e-02,9.751780432141849531e+00,0.000000000000000000e+00,0.000000000000000000e+00
1.494999999999999929e+01,-6.152056917748591203e-02,-1.640817120974557213e+02,-1.345490283935561315e+01,3.230472192239302842e+01,1.487273911360838807e-01,-1.090163453135910426e-01,7.804610009145218630e-02,9.737024739902079062e+00,0.000000000000000000e+00,0.000000000000000000e+00
1.496666666666666679e+01,-2.822765319256767200e-02,-1.640717860654251012e+02,-1.345490238220878609e+01,3.230191892804367626e+01,-7.434300993742551378e-03,-1.181173855735425798e-01,6.715021759089512265e-02,9.730424571061245587e+00,0.000000000000000000e+00,0.000000000000000000e+00
1.498333333333333250e+01,1.099868431165169913e-03,-1.640643365821360931e+02,-1.345486528954756444e+01,3.229933475248680708e+01,-1.482449982736312455e-01,-1.124255850448202254e-01,5.555981561862886886e-02,9.734177327603834584e+00,0.000000000000000000e+00,0.000000000000000000e+00
1.500000000000000000e+01,1.780506300665802774e-02,-1.640579398118348422e+02,-1.345490961290687082e+01,3.229698750801840390e+01,-1.756755433200160865e-01,-9.710373178897885316e-02,5.075215963549208065e-02,9.741562726828210117e+00,0.000000000000000000e+00,0.000000000000000000e+00
1.501666666666666572e+01,2.128680409741882246e-02,-1.640507144747030566e+02,-1.345509179456218973e+01,3.229475659658229603e+01,-8.742282177900898010e-02,-8.740986737971509490e-02,5.338739610682892434e-02,9.745104740442553037e+00,0.000000000000000000e+00,0.000000000000000000e+00
1.503333333333333321e+01,1.584324671019244138e-02,-1.640415793602563497e+02,-1.345528959288818704e+01,3.229236752934487242e+01,3.401694058849806523e-02,-9.469654985020983795e-02,6.573345555605888957e-02,9.741700723864578748e+00,0.000000000000000000e+00,0.000000000000000000e+00
1.504999999999999893e+01,7.113630575156706243e-03,-1.640312661114930961e+02,-1.345514092779567683e+01,3.228986593005463845e+01,9.807834131908520214e-02,-1.248785110092865969e-01,7.930568903492882238e-02,9.734238786437597213e+00,0.000000000000000000e+00,0.000000000000000000e+00
1.506666666666666643e+01,3.012795361446384845e+02,-1.640211863073766381e+02,-1.345467694299517802e+01,3.228736834653145138e+01,7.633721079900672446e-02,-1.467846291982398965e-01,8.119980120731232209e-02,9.726721522969917544e+00,0.000000000000000000e+00,0.000000000000000000e+00
1.508333333333333393e+01,5.648952902466726300e+02,-1.640124527961469312e+02,-1.345421297342010725e+01,3.228506075245719842e+01,-8.430596331518974001e-04,-1.441179555495148423e-01,6.473793231960428551e-02,9.724989953829945577e+00,0.000000000000000000e+00,0.000000000000000000e+00
1.509999999999999964e+01,6.449219746250988692e+02,-1.640051715420188145e+02,-1.345409081409446017e+01,3.228311819977140829e+01,-6.830436971009215541e-02,-1.242081761749383589e-01,3.447397120498169043e-02,9.729706816065183617e+00,0.000000000000000000e+00,0.000000000000000000e+00
1.511666666666666714e+01,5.454775043871250091e+02,-1.639985726958419434e+02,-1.345440691670965450e+01,3.228154720521663990e+01,-7.753213342905836136e-02,-1.029936576652328573e-01,5.360344667766064192e-03,9.734083383489377184e+00,0.000000000000000000e+00,0.000000000000000000e+00
1.513333333333333286e+01,3.478383394588506690e+02,-1.639916572344221777e+02,-1.345491921241517908e+01,3.228011934103565039e+01,-3.656733191495956103e-02,-9.514776262400953533e-02,-2.521080821626612428e-03,9.729477505346451949e+00,0.000000000000000000e+00,0.000000000000000000e+00
1.515000000000000036e+01,1.440110584374601785e+02,-1.639839696166939689e+02,-1.345541920818060966e+01,3.227854840964553773e+01,6.579837426735821865e-03,-9.916635735343162783e-02,8.018023932317540001e-03,9.723695030086989988e+00,0.000000000000000000e+00,0.000000000000000000e+00
1.516666666666666607e+01,-3.702918040509928232e+00,-1.639760053936436748e+02,-1.345570521917845142e+01,3.227674953570843286e+01,1.833140422818235749e-02,-1.099849645726469344e-01,2.852833770235814817e-02,9.720765009822750713e+00,0.000000000000000000e+00,0.000000000000000000e+00
1.518333333333333357e+01,-7.451879938039485296e+01,-1.639683218408644052e+02,-1.345576481191773865e+01,3.227472247947901707e+01,-2.884712992359235798e-03,-1.193159296723266261e-01,4.828754549125863216e-02,9.721993159747050584e+00,0.000000000000000000e+00,0.000000000000000000e+00
1.519999999999999929e+01,-8.062708961849165235e+01,-1.639610041739575763e+02,-1.345574213408004915e+01,3.227252989998096666e+01,-3.291310083812891418e-02,-1.220585053388103941e-01,5.927165329147426887e-02,9.726355133065780478e+00,0.000000000000000000e+00,0.000000000000000000e+00
1.521666666666666679e+01,-5.010103815182014131e+01,-1.639536745191663272e+02,-1.345582533447965190e+01,3.227026404606418453e+01,-4.257912359865698854e-02,-1.184501121769326315e-01,6.084538524365586121e-02,9.729823437315062051e+00,0.000000000000000000e+00,0.000000000000000000e+00
1.523333333333333250e+01,-1.102174807688481906e+01,-1.639459561484908932e+02,-1.345613867922395457e+01,3.226797135386476612e+01,-2.138150743671265661e-02,-1.103418051561454588e-01,5.887634246865695170e-02,9.726968710553592246e+00,0.000000000000000000e+00,0.000000000000000000e+00
1.525000000000000000e+01,1.798799120765928450e+01,-1.639378082850374199e+02,-1.345657326969410228e+01,3.226574651069355326e+01,8.861395179560622656e-03,-1.131361114102853588e-01,5.073079991438966124e-02,9.719935527780577900e+00,0.000000000000000000e+00,0.000000000000000000e+00
1.526666666666666572e+01,3.009449781314523520e+01,-1.639293929862407708e+02,-1.345696806401299739e+01,3.226351819230444562e+01,2.299352362662800825e-02,-1.222431938721180444e-01,4.529847568437535277e-02,9.716728245353364102e+00,0.000000000000000000e+00,0.000000000000000000e+00
1.528333333333333321e+01,2.756053996028399666e+01,-1.639211254915435063e+02,-1.345730605609589148e+01,3.226127016960789717e+01,1.270668345049601015e-02,-1.260516990322635145e-01,4.307888412874549822e-02,9.719061774917522101e+00,0.000000000000000000e+00,0.000000000000000000e+00
1.529999999999999893e+01,1.704157463533002215e+01,-1.639132590730313837e+02,-1.345764958457815297e+01,3.225901463614937370e+01,-7.845530320686744385e-03,-1.202135909864341379e-01,4.416807478190555580e-02,9.724970787345545986e+00,0.000000000000000000e+00,0.000000000000000000e+00
1.531666666666666643e+01,5.342646675782757981e+00,-1.639057039890745671e+02,-1.345800738028789745e+01,3.225675793293432747e+01,-1.718667924182086526e-02,-1.103849032229678589e-01,5.033370079318714996e-02,9.733029861866015153e+00,0.000000000000000000e+00,0.000000000000000000e+00
1.533333333333333393e+01,-3.079500121379609823e+00,-1.638982431409115179e+02,-1.345827905896202203e+01,3.225454834384375857e+01,-1.360814202062100159e-02,-1.043559879825752962e-01,5.369818368763842192e-02,9.741406706897205225e+00,0.000000000000000000e+00,0.000000000000000000e+00
1.534999999999999964e+01,-6.729611418539303003e+00,-1.638907305803954557e+02,-1.345855755113459118e+01,3.225239196573750178e+01,-1.841645966532572121e-03,-1.017440053841297265e-01,5.683501239711109126e-02,9.743530817416933942e+00,0.000000000000000000e+00,0.000000000000000000e+00
1.536666666666666714e+01,-6.380216239445695159e+00,-1.638831846488430983e+02,-1.345887610813321089e+01,3.225026501894978992e+01,4.768443848023712697e-03,-1.002327900745816625e-01,5.866443328311354843e-02,9.741750045660340973e+00,0.000000000000000000e+00,0.000000000000000000e+00
1.538333333333333286e+01,-3.864502293986490145e+00,-1.638756549420555757e+02,-1.345923605356889041e+01,3.224813532431988961e+01,-1.863204539895545186e-03,-9.994498146346189604e-02,5.782650441816099274e-02,9.738370280089617026e+00,0.000000000000000000e+00,0.000000000000000000e+00
1.540000000000000036e+01,-9.967487539390771367e-01,-1.638682191399717567e+02,-1.345957117242997469e+01,3.224595798079865006e+01,-1.845167630213717311e-02,-1.049314384159198144e-01,5.809007983822561672e-02,9.731794091929250712e+00,0.000000000000000000e+00,0.000000000000000000e+00
1.541666666666666607e+01,1.052205650803518466e+00,-1.638608842697233001e+02,-1.345977303805553760e+01,3.224371496508113211e+01,-3.283306653185937701e-02,-1.172694934342217027e-01,6.204523504476426587e-02,9.721388074255123968e+00,0.000000000000000000e+00,0.000000000000000000e+00
1.543333333333333357e+01,1.894226771677894661e+00,-1.638534292509598345e+02,-1.345976252617301938e+01,3.224147369607506874e+01,-3.071647858662684624e-02,-1.285440717943463484e-01,6.086047094905303045e-02,9.714695670141480832e+00,0.000000000000000000e+00,0.000000000000000000e+00
1.544999999999999929e+01,1.731111644314060838e+00,-1.638459034628028803e+02,-1.345950046386930410e+01,3.223924902428430528e+01,-2.115577378484057719e-02,-1.312167740528596693e-01,6.160755670255726318e-02,9.717911908460386883e+00,0.000000000000000000e+00,0.000000000000000000e+00
1.546666666666666679e+01,1.035849641083077977e+00,-1.638384724020841645e+02,-1.345923111862652632e+01,3.223714508196336226e+01,-1.540477209852573331e-02,-1.252346150135651703e-01,5.725858775707760862e-02,9.724511663730439182e+00,0.000000000000000000e+00,0.000000000000000000e+00
1.548333333333333250e+01,2.722746054781477465e-01,-1.638313446563656441e+02,-1.345915435213923494e+01,3.223519679665891147e+01,-2.307304192842744850e-02,-1.181436756157224904e-01,5.104054711134967115e-02,9.730757829553844829e+00,0.000000000000000000e+00,0.000000000000000000e+00
1.550000000000000000e+01,-2.646115045999323234e-01,-1.638246468689987694e+02,-1.345934847975274984e+01,3.223337044331475454e+01,-4.132212241522435769e-02,-1.136337834816911752e-01,4.770273447118985460e-02,9.735140378941007810e+00,0.000000000000000000e+00,0.000000000000000000e+00
1.551666666666666572e+01,-4.820805382511720305e-01,-1.638182731219448840e+02,-1.345975982406477200e+01,3.223162077842955853e+01,-5.473298320212181128e-02,-1.103765443970355919e-01,4.542293063643442624e-02,9.736365332384474769e+00,0.000000000000000000e+00,0.000000000000000000e+00
1.553333333333333321e+01,-4.379572133417352076e-01,-1.638118269632208808e+02,-1.346016448673585941e+01,3.222990583219969096e+01,-4.659845876487616473e-02,-1.111806827134107500e-01,4.417463323951840992e-02,9.736719154769748030e+00,0.000000000000000000e+00,0.000000000000000000e+00
1.554999999999999893e+01,-2.575383491453665519e-01,-1.638048111098942172e+02,-1.346039405340832218e+01,3.222818515030976272e+01,-1.597592753499425117e-02,-1.164006630356806959e-01,4.353063576790763139e-02,9.732398063060120563e+00,0.000000000000000000e+00,0.000000000000000000e+00
1.556666666666666643e+01,-6.147343814686584418e-02,-1.637974430093701699e+02,-1.346063864930927600e+01,3.222651026133632968e+01,1.125918799526365310e-02,-1.154285813571181846e-01,3.987439132218990878e-02,9.724607892563374989e+00,0.000000000000000000e+00,0.000000000000000000e+00
1.558333333333333393e+01,7.461857854635484122e-02,-1.637900990059996786e+02,-1.346093600479237473e+01,3.222486253641849885e+01,1.740136429018857359e-02,-1.142980000494209503e-01,3.750937125745638229e-02,9.714596523767587755e+00,0.000000000000000000e+00,0.000000000000000000e+00
1.559999999999999964e+01,1.278589312968433922e-01,-1.637830237747671731e+02,-1.346115244524687427e+01,3.222316921134999035e+01,1.865399383215078817e-03,-1.228390898283203692e-01,4.134190956261401401e-02,9.705070908315468259e+00,0.000000000000000000e+00,0.000000000000000000e+00
1.561666666666666714e+01,1.140824113752687552e-01,-1.637762661073580261e+02,-1.346112783746454156e+01,3.222140906789087467e+01,-2.086412764379273407e-02,-1.380954106071704823e-01,4.844088647997518010e-02,9.700428753224063172e+00,0.000000000000000000e+00,0.000000000000000000e+00
1.563333333333333286e+01,6.608045775035231717e-02,-1.637697285882214260e+02,-1.346079328703024203e+01,3.221965109282180606e+01,-2.938247471415684348e-02,-1.497016327429119276e-01,5.240835080751654607e-02,9.702035616794908890e+00,0.000000000000000000e+00,0.000000000000000000e+00
1.565000000000000036e+01,1.498464187723232838e-02,-1.637632019461050277e+02,-1.346041687442347623e+01,3.221792876170714948e+01,-1.517239273268472174e-02,-1.416473199804360039e-01,5.136508802819539365e-02,9.707438223723837467e+00,0.000000000000000000e+00,0.000000000000000000e+00
1.566666666666666607e+01,-1.998352162119804154e-02,-1.637565545267086691e+02,-1.346023062147669869e+01,3.221635129547529885e+01,2.242075159479030300e-03,-1.245290637825603175e-01,4.114708616245416062e-02,9.716205423544385766e+00,0.000000000000000000e+00,0.000000000000000000e+00
1.568333333333333357e+01,-3.329281396455865960e-02,-1.637500373988797833e+02,-1.346038352854758458e+01,3.221493512571123574e+01,2.955352795008817091e-03,-1.079623742067242209e-01,2.887386190285234217e-02,9.726615142719644780e+00,0.000000000000000000e+00,0.000000000000000000e+00
1.569999999999999929e+01,-2.932744325043806083e-02,-1.637439687581191947e+02,-1.346078706363188005e+01,3.221360665577923754e+01,-1.400332761603695873e-02,-9.983768964809786040e-02,2.389498926316632049e-02,9.733570244942319150e+00,0.000000000000000000e+00,0.000000000000000000e+00
1.571666666666666679e+01,-1.670515750125246834e-02,-1.637383783210291028e+02,-1.346117807530283272e+01,3.221226056483362754e+01,-3.215554296382042848e-02,-1.053850866917524498e-01,2.825353967541254646e-02,9.732759074540863864e+00,0.000000000000000000e+00,0.000000000000000000e+00
1.573333333333333250e+01,-3.481741082205540988e-03,-1.637328832072930709e+02,-1.346140645496122801e+01,3.221078581137987129e+01,-3.408920555150485310e-02,-1.155291001102267401e-01,3.765652988174517102e-02,9.728462837823641962e+00,0.000000000000000000e+00,0.000000000000000000e+00
1.575000000000000000e+01,5.443535816172486580e-03,-1.637270559932222227e+02,-1.346142637494876837e+01,3.220909650707028504e+01,-1.515188361358511294e-02,-1.182887114914993043e-01,5.154623453483584555e-02,9.726403029584606230e+00,0.000000000000000000e+00,0.000000000000000000e+00
1.576666666666666572e+01,8.729589580386354700e-03,-1.637207903787501095e+02,-1.346142776672377295e+01,3.220724578506843017e+01,1.108047566501129538e-02,-1.117053935999640091e-01,6.161752724715292839e-02,9.727755086425606379e+00,0.000000000000000000e+00,0.000000000000000000e+00
1.578333333333333321e+01,7.577465810160168361e-03,-1.637143105875356639e+02,-1.346158802662755960e+01,3.220531819869643186e+01,2.373569800316656375e-02,-1.004566555751051499e-01,6.346472570747412056e-02,9.730360494987815301e+00,0.000000000000000000e+00,0.000000000000000000e+00
1.579999999999999893e+01,4.245888652083759998e-03,-1.637080649472538596e+02,-1.346191241733563970e+01,3.220345542984431120e+01,1.405519402944790247e-02,-9.436388707146156629e-02,5.654283120740321439e-02,9.731573203164142427e+00,0.000000000000000000e+00,0.000000000000000000e+00
1.581666666666666643e+01,8.156218263317017297e-04,-1.637023664359149109e+02,-1.346224210758083117e+01,3.220174291084769891e+01,-6.912874999022835219e-03,-9.967288286580432144e-02,4.717847085612784930e-02,9.730818881643298113e+00,0.000000000000000000e+00,0.000000000000000000e+00
1.583333333333333393e+01,-1.467256293433165902e-03,-1.636970756719314863e+02,-1.346236115481842077e+01,3.220003880685298014e+01,-1.659983545060034205e-02,-1.095137818076913766e-01,5.310039179286862865e-02,9.730263482023254085e+00,0.000000000000000000e+00,0.000000000000000000e+00
1.584999999999999964e+01,-2.280377316861865837e-03,-1.636917594165140031e+02,-1.346243362625840945e+01,3.219832248147154274e+01,-1.294519755457394436e-02,-1.160288003536234097e-01,6.022272465246024387e-02,9.729376318205989804e+00,0.000000000000000000e+00,0.000000000000000000e+00
1.586666666666666714e+01,-1.952371880771007614e-03,-1.636861641057550401e+02,-1.346253590997857152e+01,3.219652859806844702e+01,-3.305110911211600524e-03,-1.149486751121877870e-01,6.628862479576716482e-02,9.726305209044499023e+00,0.000000000000000000e+00,0.000000000000000000e+00
1.588333333333333286e+01,-1.075399575798011154e-03,-1.636802821014938729e+02,-1.346265202058994248e+01,3.219468885677936498e+01,2.377371408532918950e-03,-1.097363731884207216e-01,6.789280431193717158e-02,9.723532514231568058e+00,0.000000000000000000e+00,0.000000000000000000e+00
1.590000000000000036e+01,-1.870043623843350511e-04,-1.636742785877548840e+02,-1.346277494655990026e+01,3.219286841823066680e+01,-2.018348974513685563e-03,-1.054009964015062972e-01,6.303149688905865244e-02,9.721234213506127375e+00,0.000000000000000000e+00,0.000000000000000000e+00
1.591666666666666607e+01,3.959017819625093278e-04,-1.636684266391707183e+02,-1.346291590459887999e+01,3.219114435868019797e+01,-1.521327140885197354e-02,-1.036961029570788312e-01,5.314906886264265939e-02,9.717411890608925518e+00,0.000000000000000000e+00,0.000000000000000000e+00
1.593333333333333357e+01,5.961719985339115294e-04,-1.636629935398569557e+02,-1.346302423207104759e+01,3.218963342055042887e+01,-2.987693495415573788e-02,-1.044448546218419427e-01,3.955346052398215489e-02,9.716622907132761000e+00,0.000000000000000000e+00,0.000000000000000000e+00
1.594999999999999929e+01,5.033309111585082020e-04,-1.636578699636904162e+02,-1.346310958876044062e+01,3.218824362232933822e+01,-3.551973566368634566e-02,-1.029163548109485460e-01,3.214412377035674728e-02,9.723610918060385799e+00,0.000000000000000000e+00,0.000000000000000000e+00
1.596666666666666679e+01,2.724721286740155644e-04,-1.636527143619070159e+02,-1.346322569106399669e+01,3.218686406861903748e+01,-2.996849726780556264e-02,-9.923443050091289297e-02,2.801616520765870533e-02,9.732386017642168596e+00,0.000000000000000000e+00,0.000000000000000000e+00
1.598333333333333250e+01,4.236973787104722218e-05,-1.636474167043207046e+02,-1.346330636553321369e+01,3.218536827291686109e+01,-2.390558332893234078e-02,-9.903249211541312325e-02,2.933495144333137655e-02,9.735148095213688180e+00,0.000000000000000000e+00,0.000000000000000000e+00
1.600000000000000000e+01,-1.064568267341173074e-04,-1.636420679936012732e+02,-1.346326719494579649e+01,3.218367445955895789e+01,-2.536263783719637510e-02,-1.036906288528731956e-01,3.795230492565605102e-02,9.730424708825104574e+00,0.000000000000000000e+00,0.000000000000000000e+00
1.601666666666666572e+01,-1.556878914464040282e-04,-1.636367453216521710e+02,-1.346310720249535464e+01,3.218178849565119037e+01,-3.141305495039985879e-02,-1.101156737478232173e-01,4.940868246386576068e-02,9.722135511527390861e+00,0.000000000000000000e+00,0.000000000000000000e+00
1.603333333333333144e+01,-1.296480080009535538e-04,-1.636313540311343218e+02,-1.346292318249337683e+01,3.217981452473482307e+01,-3.331520730677021980e-02,-1.186862149487036416e-01,5.625040757432270278e-02,9.713011190169316578e+00,0.000000000000000000e+00,0.000000000000000000e+00
1.605000000000000071e+01,-6.894047428827635121e-05,-1.636258494355011521e+02,-1.346287596728470604e+01,3.217792974171153020e+01,-2.480416371491957900e-02,-1.201516591902602044e-01,5.484881139350877843e-02,9.707737745720944389e+00,0.000000000000000000e+00,0.000000000000000000e+00
1.606666666666666643e+01,-9.380337581608522504e-06,-1.636203273434692278e+02,-1.346308257365738115e+01,3.217620320867828099e+01,-9.047369067476527388e-03,-1.104050751509708939e-01,4.946091935227261982e-02,9.708355545006856602e+00,0.000000000000000000e+00,0.000000000000000000e+00
1.608333333333333215e+01,2.858701618050641378e-05,-1.636149526828672833e+02,-1.346342478313826518e+01,3.217466672058805699e+01,1.078565697177699331e-03,-1.019298483468443761e-01,4.220895927960618271e-02,9.714004065403841537e+00,0.000000000000000000e+00,0.000000000000000000e+00
1.610000000000000142e+01,4.064594165505761426e-05,-1.636099054789450236e+02,-1.346373473633859241e+01,3.217329223092818324e+01,-2.558788494195305546e-03,-1.032527510696967799e-01,3.661366656613319198e-02,9.724191094830255011e+00,0.000000000000000000e+00,0.000000000000000000e+00
1.611666666666666714e+01,3.338636676193351525e-05,-1.636052135132742933e+02,-1.346393814860977045e+01,3.217197131984164571e+01,-1.503621339841260639e-02,-1.102828812430518141e-01,3.601597836421140120e-02,9.736769923577289987e+00,0.000000000000000000e+00,0.000000000000000000e+00
1.613333333333333286e+01,1.743139897061102750e-05,-1.636006146484892270e+02,-1.346399149659102790e+01,3.217057770620282042e+01,-2.478497073950558169e-02,-1.204893448616354973e-01,3.507572979885991565e-02,9.743879863980268397e+00,0.000000000000000000e+00,0.000000000000000000e+00
1.614999999999999858e+01,-1.962209226980401127e+02,-1.635958314867977776e+02,-1.346401558986298141e+01,3.216917318035061157e+01,-2.530528519241632621e-02,-1.292234223339308041e-01,2.800596545344590307e-02,9.745562524093559276e+00,0.000000000000000000e+00,0.000000000000000000e+00
1.616666666666666785e+01,-3.679142415071112282e+02,-1.635908286482090546e+02,-1.346409517093800901e+01,3.216777704414062811e+01,-2.183769149291683864e-02,-1.319612168234473581e-01,2.207444733872897247e-02,9.741085948996426325e+00,0.000000000000000000e+00,0.000000000000000000e+00
1.618333333333333357e+01,-4.200354275792538488e+02,-1.635856637468614849e+02,-1.346434887251830048e+01,3.216638022389302165e+01,-1.617558377711370704e-02,-1.248618501690002408e-01,2.079088381455169651e-02,9.732836074124096015e+00,0.000000000000000000e+00,0.000000000000000000e+00
1.619999999999999929e+01,-3.552671906505879633e+02,-1.635804800946300475e+02,-1.346476541598918075e+01,3.216496774634472899e+01,-1.443118820548037334e-02,-1.133649353900246515e-01,2.365528595181968022e-02,9.723897775869509985e+00,0.000000000000000000e+00,0.000000000000000000e+00
1.621666666666666501e+01,-2.265451101135451779e+02,-1.635753770860924874e+02,-1.346524603752762772e+01,3.216353012351092389e+01,-2.091783668786597467e-02,-1.066630242094938064e-01,2.919617543402629189e-02,9.718052086142265011e+00,0.000000000000000000e+00,0.000000000000000000e+00
1.623333333333333428e+01,-9.379297966055898428e+01,-1.635702387001630882e+02,-1.346584324362438245e+01,3.216205837354981867e+01,-2.241961464646965649e-02,-1.020164137931943021e-01,3.474045675838222103e-02,9.720801819380035624e+00,0.000000000000000000e+00,0.000000000000000000e+00
1.625000000000000000e+01,2.412493048606052071e+00,-1.635650059115782824e+02,-1.346654709292197261e+01,3.216052720661684816e+01,-2.204253310295125473e-02,-9.967131753274713346e-02,4.104506476523243214e-02,9.728840027421181702e+00,0.000000000000000000e+00,0.000000000000000000e+00
1.626666666666666572e+01,4.853435520682550930e+01,-1.635596616009533761e+02,-1.346726361594677712e+01,3.215898242148892905e+01,-2.047392316103051335e-02,-1.015948777989103685e-01,4.510057970621655227e-02,9.733464510097599387e+00,0.000000000000000000e+00,0.000000000000000000e+00
1.628333333333333144e+01,5.251237069825489812e+01,-1.635543191241663408e+02,-1.346782102400243630e+01,3.215749638383866227e+01,-2.038948283676823847e-02,-1.083853590921142335e-01,4.752158351992182700e-02,9.733816815119467947e+00,0.000000000000000000e+00,0.000000000000000000e+00
1.630000000000000071e+01,3.263064154307012643e+01,-1.635491333159414182e+02,-1.346812799164181484e+01,3.215609792120330468e+01,-2.256517156776646771e-02,-1.166849909799511087e-01,5.014365511327664726e-02,9.733467923480247919e+00,0.000000000000000000e+00,0.000000000000000000e+00
1.631666666666666643e+01,3.084583263857156226e+02,-1.635441674823082963e+02,-1.346823662950465383e+01,3.215475218090298171e+01,-2.357599110114063506e-02,-1.214401423358342919e-01,5.326852227112360838e-02,9.735102005069565578e+00,0.000000000000000000e+00,0.000000000000000000e+00
1.633333333333333215e+01,5.531843688633409784e+02,-1.635393271320535291e+02,-1.346827299983903892e+01,3.215339877963960191e+01,-2.029908537362546533e-02,-1.217514610534101427e-01,5.643247385800748139e-02,9.738685291115547926e+00,0.000000000000000000e+00,0.000000000000000000e+00
1.635000000000000142e+01,6.253269834170565673e+02,-1.635346865276193284e+02,-1.346836593055511599e+01,3.215205612703859117e+01,-1.960634615321253313e-02,-1.170038971797243837e-01,5.767912641901473680e-02,9.737081162961287006e+00,0.000000000000000000e+00,0.000000000000000000e+00
1.636666666666666714e+01,5.275314591145305485e+02,-1.635300744608703667e+02,-1.346853774290703853e+01,3.215072955707491076e+01,-1.820878317318041020e-02,-1.123798773053674704e-01,5.842429924967779825e-02,9.731044109691481481e+00,0.000000000000000000e+00,0.000000000000000000e+00
1.638333333333333286e+01,3.367410219650448653e+02,-1.635254569453685747e+02,-1.346866219095845452e+01,3.214938328169681370e+01,-2.105838085812988814e-02,-1.116148399795435786e-01,5.945752598497066471e-02,9.725998686399579540e+00,0.000000000000000000e+00,0.000000000000000000e+00
1.639999999999999858e+01,1.405312786833758310e+02,-1.635208632839885468e+02,-1.346862702326342287e+01,3.214801303356138362e+01,-2.715577701156478979e-02,-1.185174648768626826e-01,5.955390760065601419e-02,9.724694827887997661e+00,0.000000000000000000e+00,0.000000000000000000e+00
1.641666666666666785e+01,-1.698460502658065252e+00,-1.635162317051413368e+02,-1.346844778674970300e+01,3.214666995181717368e+01,-2.643743518862176275e-02,-1.333236917329311266e-01,5.571848849226344880e-02,9.725676420905662312e+00,0.000000000000000000e+00,0.000000000000000000e+00
1.643333333333333357e+01,-7.013723839523382253e+01,-1.635114257086086980e+02,-1.346823406566667636e+01,3.214538512878691279e+01,-1.974551746566221427e-02,-1.436771203609054914e-01,4.641722157955473216e-02,9.727647626754713173e+00,0.000000000000000000e+00,0.000000000000000000e+00
1.644999999999999929e+01,-7.647270929364262315e+01,-1.635064053559052866e+02,-1.346804960658623784e+01,3.214410460111758283e+01,-4.844222796952617205e-03,-1.472717202670535408e-01,4.318826255669611092e-02,9.727221752760081941e+00,0.000000000000000000e+00,0.000000000000000000e+00
1.646666666666666501e+01,-4.758454982063019401e+01,-1.635012892246697902e+02,-1.346785893767652098e+01,3.214279769070952852e+01,9.008844113557781461e-03,-1.480917177449652122e-01,4.621989298087433168e-02,9.724736563302613490e+00,0.000000000000000000e+00,0.000000000000000000e+00
1.648333333333333428e+01,-1.037252003313569659e+01,-1.634961475273698852e+02,-1.346772586404525640e+01,3.214140589054764519e+01,1.997268295181414341e-02,-1.434592372114361081e-01,5.149904320800108293e-02,9.719779895824375515e+00,0.000000000000000000e+00,0.000000000000000000e+00
1.650000000000000000e+01,1.730301495612109974e+01,-1.634910585647911034e+02,-1.346765723329436426e+01,3.213997832290004908e+01,2.723509249946217195e-02,-1.355812440748551950e-01,5.245970538514301701e-02,9.715127299618837142e+00,0.000000000000000000e+00,0.000000000000000000e+00
1.651666666666666572e+01,2.886116190555232208e+01,-1.634861466668025685e+02,-1.346756367837152268e+01,3.213865048073039787e+01,2.718679713267729836e-02,-1.312066975827464455e-01,4.557156224904534980e-02,9.714927673123876062e+00,0.000000000000000000e+00,0.000000000000000000e+00
1.653333333333333144e+01,2.643333799581820642e+01,-1.634814960770551124e+02,-1.346743119014632484e+01,3.213747716273029198e+01,2.111778916650233762e-02,-1.269205649118983759e-01,3.728499147407144526e-02,9.717500501858278739e+00,0.000000000000000000e+00,0.000000000000000000e+00
1.655000000000000071e+01,1.636704173057010792e+01,-1.634769542476940103e+02,-1.346741153926489076e+01,3.213656779732492197e+01,1.540835255070686916e-02,-1.171763459571665417e-01,2.123691762219174356e-02,9.720091787993553112e+00,0.000000000000000000e+00,0.000000000000000000e+00
1.656666666666666643e+01,5.165299215151035739e+00,-1.634725301983253871e+02,-1.346755149292255993e+01,3.213573776785764835e+01,7.271297416966564925e-03,-1.077902236083992660e-01,1.356312481938527770e-02,9.722083069004117561e+00,0.000000000000000000e+00,0.000000000000000000e+00
1.658333333333333215e+01,-2.907244602693877411e+00,-1.634682908332297870e+02,-1.346773042752742633e+01,3.213485303473147781e+01,-1.136524462307490768e-03,-1.085343843547095510e-01,1.764708921528604715e-02,9.722539677267088010e+00,0.000000000000000000e+00,0.000000000000000000e+00
1.660000000000000142e+01,-6.415729401919902486e+00,-1.634642214688918784e+02,-1.346785814575355644e+01,3.213388022578840264e+01,-6.032422614478099437e-03,-1.192120880799783234e-01,2.735411927216363503e-02,9.722493836235331699e+00,0.000000000000000000e+00,0.000000000000000000e+00
1.661666666666666714e+01,-6.095044094214096653e+00,-1.634602452391437168e+02,-1.346798384718137598e+01,3.213284159326943268e+01,-8.455842604088274067e-03,-1.285519660986119139e-01,3.692283345939495476e-02,9.724688498761629774e+00,0.000000000000000000e+00,0.000000000000000000e+00
1.663333333333333286e+01,-3.696796475021767669e+00,-1.634563605112486186e+02,-1.346816964826983920e+01,3.213179959325633916e+01,-1.136289907159726553e-02,-1.298883082341034667e-01,3.959166891910868152e-02,9.728634311658518996e+00,0.000000000000000000e+00,0.000000000000000000e+00
1.664999999999999858e+01,-9.567062868413946930e-01,-1.634524891835237099e+02,-1.346854684761813381e+01,3.213070054901095318e+01,-1.281281767837188536e-02,-1.219763446954676284e-01,4.244591516028353023e-02,9.730673813039498299e+00,0.000000000000000000e+00,0.000000000000000000e+00
1.666666666666666785e+01,1.003629329997029362e+00,-1.634485500498661850e+02,-1.346905388763214262e+01,3.212948147114389030e+01,-1.494399788941151892e-02,-1.140748423088561170e-01,4.633818286024238287e-02,9.729405380832474748e+00,0.000000000000000000e+00,0.000000000000000000e+00
1.668333333333333357e+01,1.810977460018184715e+00,-1.634446764603454199e+02,-1.346953691080932458e+01,3.212820623312134671e+01,-2.294580339733084257e-02,-1.139257526806176229e-01,4.817497340273976109e-02,9.726042545531814909e+00,0.000000000000000000e+00,0.000000000000000000e+00
1.669999999999999929e+01,1.656827551222658013e+00,-1.634409383825998816e+02,-1.346984274182743135e+01,3.212698095043415947e+01,-3.113571845165008511e-02,-1.210337982017098829e-01,4.694453704353913209e-02,9.722452630394688100e+00,0.000000000000000000e+00,0.000000000000000000e+00
1.671666666666666501e+01,9.928186497663660237e-01,-1.634372079535657463e+02,-1.346986846101818180e+01,3.212586519571361521e+01,-2.732049324262897719e-02,-1.297893213964716463e-01,4.488860785392943809e-02,9.721836880226968347e+00,0.000000000000000000e+00,0.000000000000000000e+00
1.673333333333333428e+01,2.625136328876005454e-01,-1.634333311613754915e+02,-1.346962930604954778e+01,3.212482750277968080e+01,-1.561901886392520061e-02,-1.368000135489257363e-01,4.519374360155557768e-02,9.728666480249696491e+00,0.000000000000000000e+00,0.000000000000000000e+00
1.675000000000000000e+01,-2.516022500560055608e-01,-1.634292329569889262e+02,-1.346940894112874432e+01,3.212367002164079111e+01,-1.619982370143473877e-03,-1.325602719169917953e-01,5.544706818569559992e-02,9.730233869996194329e+00,0.000000000000000000e+00,0.000000000000000000e+00
1.676666666666666572e+01,-4.604034704130739453e-01,-1.634249548933304652e+02,-1.346936463327251232e+01,3.212237813455735136e+01,9.041660589659555533e-03,-1.199149074773783741e-01,6.692152876183729560e-02,9.726349400473091933e+00,0.000000000000000000e+00,0.000000000000000000e+00
1.678333333333333144e+01,-4.188608008646557135e-01,-1.634206181313102206e+02,-1.346948639567814254e+01,3.212104521287314896e+01,1.261798475838410774e-02,-1.100831383745484449e-01,7.148335798689386955e-02,9.719111975442711326e+00,0.000000000000000000e+00,0.000000000000000000e+00
1.680000000000000071e+01,-2.466600735742548733e-01,-1.634163167261535534e+02,-1.346965094963087495e+01,3.211974995985065817e+01,1.158782866277383375e-02,-1.066263638523086282e-01,6.730302537268591234e-02,9.711761879585523616e+00,0.000000000000000000e+00,0.000000000000000000e+00
1.681666666666666643e+01,-5.920533816772902136e-02,-1.634120743164053238e+02,-1.346974200215169759e+01,3.211851881261958397e+01,1.024330788384448555e-02,-1.052332529629591840e-01,5.795452885456478520e-02,9.707973097845798094e+00,0.000000000000000000e+00,0.000000000000000000e+00
1.683333333333333215e+01,7.107479177586265018e-02,-1.634078775588357360e+02,-1.346974517411049632e+01,3.211735840275960641e+01,6.600992681139847620e-03,-1.055560898830754241e-01,5.066981194432330915e-02,9.707983870236470025e+00,0.000000000000000000e+00,0.000000000000000000e+00
1.685000000000000142e+01,1.221750469700242925e-01,-1.634036919997053587e+02,-1.346968270211682750e+01,3.211631654463077723e+01,2.006249090076326486e-03,-1.048196297641247332e-01,4.000260218663458101e-02,9.709101208574525188e+00,0.000000000000000000e+00,0.000000000000000000e+00
1.686666666666666714e+01,1.091483725640860214e-01,-1.633997385489736871e+02,-1.346965329490076257e+01,3.211532675861695196e+01,-9.639831757005437249e-03,-1.078771114151618055e-01,3.347985372445308472e-02,9.716373191581093138e+00,0.000000000000000000e+00,0.000000000000000000e+00
1.688333333333333286e+01,6.331555588982637484e-02,-1.633959757416067760e+02,-1.346966668231255149e+01,3.211431890546505485e+01,-2.080610990456953704e-02,-1.161478374133345925e-01,3.088834164418038236e-02,9.728029347651990122e+00,0.000000000000000000e+00,0.000000000000000000e+00
1.689999999999999858e+01,1.445329763156526920e-02,-1.633921852845909370e+02,-1.346969361199231052e+01,3.211327022800949038e+01,-2.055503228851430705e-02,-1.264319047327982504e-01,2.858470514422863096e-02,9.739639191130805784e+00,0.000000000000000000e+00,0.000000000000000000e+00
1.691666666666666785e+01,-1.902831657779412849e-02,-1.633882093898637891e+02,-1.346976142289937073e+01,3.211219410231933580e+01,-6.864036584465955243e-03,-1.332091371434475646e-01,2.663913208167818444e-02,9.747485644096482105e+00,0.000000000000000000e+00,0.000000000000000000e+00
1.693333333333333357e+01,-3.180804436808135072e-02,-1.633840134920783385e+02,-1.346994261859366659e+01,3.211110202224581656e+01,1.585787515962848102e-02,-1.312806196604787423e-01,2.602857916867520882e-02,9.746008272433627440e+00,0.000000000000000000e+00,0.000000000000000000e+00
1.694999999999999929e+01,-2.805616128384863170e-02,-1.633795129944641076e+02,-1.347025293341307162e+01,3.211001268106097228e+01,3.632525337386696695e-02,-1.202798967387676554e-01,2.781270744729407579e-02,9.746404415746175331e+00,0.000000000000000000e+00,0.000000000000000000e+00
1.696666666666666501e+01,-1.600486011777712755e-02,-1.633749485043416314e+02,-1.347061750950320302e+01,3.210890673893180747e+01,4.257737195379802941e-02,-1.151116889011886968e-01,3.280489808875271251e-02,9.745486709936308500e+00,0.000000000000000000e+00,0.000000000000000000e+00
1.698333333333333428e+01,-3.359907593570753831e-03,-1.633706257753842692e+02,-1.347097142037954853e+01,3.210784082037876885e+01,3.200445842141723396e-02,-1.173022299862785806e-01,3.638726723756185999e-02,9.744409439590874911e+00,0.000000000000000000e+00,0.000000000000000000e+00
1.700000000000000000e+01,5.185795442555153970e-03,-1.633666201363267874e+02,-1.347131406396437114e+01,3.210688633585418472e+01,1.656659359694960879e-02,-1.204813007892082677e-01,3.573303703127042596e-02,9.744007513306311097e+00,0.000000000000000000e+00,0.000000000000000000e+00
1.701666666666666572e+01,8.341416851784277595e-03,-1.633627371735519773e+02,-1.347168028877506352e+01,3.210604164384895398e+01,1.041246018088562431e-02,-1.221899851696779532e-01,3.363253434059556429e-02,9.741533853429935164e+00,0.000000000000000000e+00,0.000000000000000000e+00
1.703333333333333144e+01,7.249722515993151095e-03,-1.633587668275205829e+02,-1.347206415922974188e+01,3.210522827361133835e+01,9.469590038024963338e-03,-1.232830151823531006e-01,3.288212330095723751e-02,9.738286840928193300e+00,0.000000000000000000e+00,0.000000000000000000e+00
1.705000000000000071e+01,4.068454837241959783e-03,-1.633545774589532016e+02,-1.347243473830531002e+01,3.210433777503844510e+01,1.291842186797349454e-02,-1.193852929650965899e-01,3.729681244885940661e-02,9.731700528519835913e+00,0.000000000000000000e+00,0.000000000000000000e+00
1.706666666666666643e+01,7.880156797571953933e-04,-1.633503205764247355e+02,-1.347267535382576042e+01,3.210332937161970790e+01,1.189761249325491620e-02,-1.163898724018337938e-01,4.821788550633299836e-02,9.725435576020714734e+00,0.000000000000000000e+00,0.000000000000000000e+00
1.708333333333333215e+01,-1.397950058165521245e-03,-1.633461445528691911e+02,-1.347276637088190832e+01,3.210219384818060462e+01,7.740960965859595283e-03,-1.165739712834009123e-01,6.109497417925877083e-02,9.721939227598184630e+00,0.000000000000000000e+00,0.000000000000000000e+00
1.710000000000000142e+01,-2.179007354760760864e-03,-1.633420833531444600e+02,-1.347275152506402307e+01,3.210095024875407432e+01,5.217804132755188284e-03,-1.181675561275204595e-01,6.895765631787324768e-02,9.722777068747884499e+00,0.000000000000000000e+00,0.000000000000000000e+00
1.711666666666666714e+01,-1.867951580289886962e-03,-1.633380876796549614e+02,-1.347265162287714979e+01,3.209965955537924742e+01,4.842101383271454201e-03,-1.203874555130571566e-01,6.762077847191333424e-02,9.727978364885478513e+00,0.000000000000000000e+00,0.000000000000000000e+00
1.713333333333333286e+01,-1.030505372059562332e-03,-1.633341198880251284e+02,-1.347245403356467541e+01,3.209841004117762253e+01,5.942459280553393647e-03,-1.252486181788428077e-01,5.870216450266840802e-02,9.733374181144704096e+00,0.000000000000000000e+00,0.000000000000000000e+00
1.714999999999999858e+01,-1.808919077483698255e-04,-1.633302133333885990e+02,-1.347216476241214522e+01,3.209719453846943082e+01,2.062252030130111609e-03,-1.285324375846136902e-01,5.134335506144999117e-02,9.741994912718938693e+00,0.000000000000000000e+00,0.000000000000000000e+00
1.716666666666666785e+01,3.772907169449972540e-04,-1.633264853458592825e+02,-1.347187731388111231e+01,3.209600760852789847e+01,-6.758780529583476721e-03,-1.264368657157804721e-01,5.119051887538659390e-02,9.749976591858986907e+00,0.000000000000000000e+00,0.000000000000000000e+00
1.718333333333333357e+01,5.697069529035424327e-04,-1.633229301126442863e+02,-1.347164237473973714e+01,3.209489200094353833e+01,-1.319241994649397211e-02,-1.210143362798546118e-01,5.270281406751874120e-02,9.751754168909560150e+00,0.000000000000000000e+00,0.000000000000000000e+00
1.719999999999999929e+01,4.815913354891321525e-04,-1.633195032367644899e+02,-1.347148383047588105e+01,3.209388497441614874e+01,-1.405208639451920385e-02,-1.169396625070741602e-01,5.109254499096457097e-02,9.746309154831230614e+00,0.000000000000000000e+00,0.000000000000000000e+00
1.721666666666666501e+01,2.611207126541259180e-04,-1.633161905935652669e+02,-1.347142116467529860e+01,3.209297873034130788e+01,-1.195839268905720711e-02,-1.147435602625571371e-01,4.835500946285636176e-02,9.738142121618476921e+00,0.000000000000000000e+00,0.000000000000000000e+00
1.723333333333333428e+01,4.105335726775776492e-05,-1.633129364404387331e+02,-1.347144844450481216e+01,3.209214608535101831e+01,-5.207921055225809073e-03,-1.091193088624062418e-01,4.533986583050921698e-02,9.732690337687781579e+00,0.000000000000000000e+00,0.000000000000000000e+00
1.725000000000000000e+01,3.012798985308157853e+02,-1.633095985900356482e+02,-1.347165503770110995e+01,3.209140693738814321e+01,5.705993894756053453e-03,-1.078918481697926923e-01,4.016058932958763150e-02,9.737467216139389592e+00,0.000000000000000000e+00,0.000000000000000000e+00
1.726666666666666572e+01,8.661798512171807261e+02,-1.633062457265694718e+02,-1.347193640045697904e+01,3.209078872295690132e+01,1.143306383648200718e-02,-1.109982351451684890e-01,3.202610493018331894e-02,9.742191286100949199e+00,0.000000000000000000e+00,0.000000000000000000e+00
1.728333333333333144e+01,1.209827375947351356e+03,-1.633029278088026786e+02,-1.347223405913698713e+01,3.209021491415101224e+01,9.095509656223512915e-03,-1.155699281236628323e-01,2.628775818723359109e-02,9.743087235261560508e+00,0.000000000000000000e+00,0.000000000000000000e+00
1.730000000000000071e+01,1.190408996426716158e+03,-1.632996487392949803e+02,-1.347257031961149565e+01,3.208960518412540353e+01,2.299446320401606417e-03,-1.171278297887514835e-01,2.387250340758169040e-02,9.740172489405221512e+00,0.000000000000000000e+00,0.000000000000000000e+00
1.731666666666666643e+01,8.933216705789277512e+02,-1.632964141329912025e+02,-1.347297446819523614e+01,3.208894087022791552e+01,-5.395319648574620208e-03,-1.148046031650104409e-01,2.087498541272488073e-02,9.733843561299661218e+00,0.000000000000000000e+00,0.000000000000000000e+00
1.733333333333333215e+01,4.918510282290116038e+02,-1.632932376936376500e+02,-1.347341796681399018e+01,3.208821094510595628e+01,-1.360437369457042495e-02,-1.166543091912763952e-01,2.138937219291212749e-02,9.729448787905420559e+00,0.000000000000000000e+00,0.000000000000000000e+00
1.735000000000000142e+01,1.403067545433896157e+02,-1.632900225344451428e+02,-1.347385454687538164e+01,3.208745158436775569e+01,-1.071340647715421368e-02,-1.176789432043050809e-01,2.897480212458455537e-02,9.720713875834499973e+00,0.000000000000000000e+00,0.000000000000000000e+00
1.736666666666666714e+01,-7.822437257893756168e+01,-1.632870164395154688e+02,-1.347424419497998116e+01,3.208674897522909930e+01,-9.169794423867307781e-03,-1.182132968385296579e-01,3.628333393700228920e-02,9.713363312144606354e+00,0.000000000000000000e+00,0.000000000000000000e+00
1.738333333333333286e+01,-1.551483504967893055e+02,-1.632843107129360192e+02,-1.347447740537788974e+01,3.208608315771247277e+01,-1.413866947025440093e-02,-1.212952374383103604e-01,4.287167285431319613e-02,9.710507350785036351e+00,0.000000000000000000e+00,0.000000000000000000e+00
1.739999999999999858e+01,-1.307296119316697229e+02,-1.632817309631241756e+02,-1.347455364159537794e+01,3.208542604188077974e+01,-2.087054429785745527e-02,-1.245309284537519517e-01,4.648122893031889080e-02,9.713068195233958591e+00,0.000000000000000000e+00,0.000000000000000000e+00
1.741666666666666785e+01,-6.112318015589702469e+01,-1.632790077265300965e+02,-1.347465004919683906e+01,3.208479329530623403e+01,-2.457585238269512085e-02,-1.193334211897743025e-01,4.119680944937002820e-02,9.720798198886985375e+00,0.000000000000000000e+00,0.000000000000000000e+00
1.743333333333333357e+01,6.966622177442964414e+00,-1.632760335285836959e+02,-1.347493411338580671e+01,3.208415873087979264e+01,-2.711856873579175306e-02,-1.016651859987677264e-01,3.102497709581291188e-02,9.729294864587982872e+00,0.000000000000000000e+00,0.000000000000000000e+00
1.744999999999999929e+01,4.808318482268781224e+01,-1.632729527011316861e+02,-1.347532431629255001e+01,3.208349648602650461e+01,-2.921871488420131613e-02,-8.975511937238604687e-02,2.648201886835484589e-02,9.737211331220175126e+00,0.000000000000000000e+00,0.000000000000000000e+00
1.746666666666666501e+01,5.765567349009418763e+01,-1.632697649762861261e+02,-1.347568937296880875e+01,3.208276231330204809e+01,-2.233655862805190850e-02,-8.550663858965495967e-02,2.790984115403037646e-02,9.740707617468283175e+00,0.000000000000000000e+00,0.000000000000000000e+00
1.748333333333333428e+01,4.460249197927196718e+01,-1.632664419170169765e+02,-1.347599086247866751e+01,3.208197029158556290e+01,-6.743215094433235857e-03,-8.705839744948463965e-02,3.192944094741732852e-02,9.741484789613743089e+00,0.000000000000000000e+00,0.000000000000000000e+00
1.750000000000000000e+01,2.238431572076336096e+01,-1.632629988905835603e+02,-1.347619607936633201e+01,3.208108685407226091e+01,1.068448320621326851e-02,-9.200207973046799215e-02,4.070831251497063902e-02,9.739207873772620871e+00,0.000000000000000000e+00,0.000000000000000000e+00
1.751666666666666572e+01,2.263043063717663728e+00,-1.632594915719700452e+02,-1.347623752156852461e+01,3.208006559374624089e+01,2.377425778120099975e-02,-9.944357567788428276e-02,5.622629895006178713e-02,9.732413816200416790e+00,0.000000000000000000e+00,0.000000000000000000e+00
1.753333333333333144e+01,-9.809293879352015466e+00,-1.632559962316283020e+02,-1.347608093325194822e+01,3.207899008358401005e+01,3.055883442956955701e-02,-1.117923079852994883e-01,6.811872670509486194e-02,9.726947754646030120e+00,0.000000000000000000e+00,0.000000000000000000e+00
1.755000000000000071e+01,-1.310999184111055627e+01,-1.632526368366231679e+02,-1.347580503576771704e+01,3.207786972865901731e+01,2.836805238953168246e-02,-1.235068039749425695e-01,7.683923761393397778e-02,9.721692648508106771e+00,0.000000000000000000e+00,0.000000000000000000e+00
1.756666666666666643e+01,-1.024481446907914517e+01,-1.632494690516643914e+02,-1.347554791714407862e+01,3.207674084678720305e+01,1.527161000657887603e-02,-1.291059476318830446e-01,7.572493311386700732e-02,9.719681785856806755e+00,0.000000000000000000e+00,0.000000000000000000e+00
1.758333333333333215e+01,-4.861273552753392124e+00,-1.632465325019261968e+02,-1.347547773853961672e+01,3.207566990800731332e+01,-1.091304162241181833e-03,-1.245586542988820905e-01,6.663044097031695090e-02,9.718427825499301065e+00,0.000000000000000000e+00,0.000000000000000000e+00
1.760000000000000142e+01,5.548504315475533133e-02,-1.632438221388633792e+02,-1.347568546220344743e+01,3.207470027154095504e+01,-1.409313156105543655e-02,-1.130995747465658730e-01,5.482354672172643634e-02,9.716905483945255995e+00,0.000000000000000000e+00,0.000000000000000000e+00
1.761666666666666714e+01,2.946480165046401645e+00,-1.632412582809936907e+02,-1.347618409725223287e+01,3.207383068958093020e+01,-2.352372201659498271e-02,-1.026902423575849488e-01,4.288084535453891288e-02,9.718116165037690379e+00,0.000000000000000000e+00,0.000000000000000000e+00
1.763333333333333286e+01,3.625380792841692124e+00,-1.632387131917694489e+02,-1.347696699574412094e+01,3.207303161142692716e+01,-2.946020596623545595e-02,-9.584918622579925718e-02,3.264288705101534710e-02,9.721793068601062515e+00,0.000000000000000000e+00,0.000000000000000000e+00
1.764999999999999858e+01,2.766985650822403997e+00,-1.632361199936962066e+02,-1.347783385472233597e+01,3.207222622308368898e+01,-2.940877140417891278e-02,-9.392151238142626424e-02,3.018970678920232520e-02,9.724585584939902105e+00,0.000000000000000000e+00,0.000000000000000000e+00
1.766666666666666785e+01,1.308129567027080942e+00,-1.632333548498532707e+02,-1.347854417266613503e+01,3.207135338270627756e+01,-2.076929119056367470e-02,-9.588223253999771101e-02,3.419472892577939127e-02,9.721212286460565011e+00,0.000000000000000000e+00,0.000000000000000000e+00
1.768333333333333357e+01,7.655465610606038140e-03,-1.632305027157009931e+02,-1.347891381834668501e+01,3.207041893907716457e+01,-1.104848643121259487e-02,-1.017529940623344703e-01,3.983546383990819312e-02,9.714607188933436888e+00,0.000000000000000000e+00,0.000000000000000000e+00
1.769999999999999929e+01,-7.467045375839485022e-01,-1.632277029993194901e+02,-1.347889986189908740e+01,3.206945875851341299e+01,-5.229126690158111823e-03,-1.096307978659558924e-01,4.529703742767131336e-02,9.711396269858122210e+00,0.000000000000000000e+00,0.000000000000000000e+00
1.771666666666666501e+01,-9.200486855493312799e-01,-1.632249982982743006e+02,-1.347860286871331326e+01,3.206853172564510857e+01,-9.594876821109894066e-04,-1.173609219993201336e-01,4.989997213684425892e-02,9.713509801904393726e+00,0.000000000000000000e+00,0.000000000000000000e+00
1.773333333333333428e+01,3.005844982533769212e+02,-1.632223839282561642e+02,-1.347817926925986853e+01,3.206773027965125777e+01,1.209599509557755803e-03,-1.275190249204500303e-01,4.856309216394052997e-02,9.716565553957225987e+00,0.000000000000000000e+00,0.000000000000000000e+00
1.775000000000000000e+01,8.658609869661180483e+02,-1.632197991847559422e+02,-1.347776744480763256e+01,3.206707095163851307e+01,3.336450557675391462e-03,-1.384608021041172643e-01,4.356028081927158097e-02,9.716961413836699535e+00,0.000000000000000000e+00,0.000000000000000000e+00
1.776666666666666572e+01,1.511120647205997102e+03,-1.632170880929643317e+02,-1.347741522993238306e+01,3.206651073881959491e+01,4.938025564060346574e-03,-1.457035345214933997e-01,3.566064479985506935e-02,9.716456505945791022e+00,0.000000000000000000e+00,0.000000000000000000e+00
1.778333333333333144e+01,1.755511543277848659e+03,-1.632142336131200011e+02,-1.347720998826032357e+01,3.206597335436826768e+01,2.399421970676632494e-03,-1.443310555709537979e-01,2.808035781045064086e-02,9.715268528492288169e+00,0.000000000000000000e+00,0.000000000000000000e+00
1.780000000000000071e+01,1.538491123850014901e+03,-1.632113452922160945e+02,-1.347722448689397723e+01,3.206542052619764860e+01,-2.400289781723763741e-03,-1.339169287633861782e-01,2.272499176275765559e-02,9.715216584379883002e+00,0.000000000000000000e+00,0.000000000000000000e+00
1.781666666666666643e+01,1.037512727913985373e+03,-1.632085875865670914e+02,-1.347745299845941247e+01,3.206486606671703044e+01,-5.532165048083990261e-03,-1.197037613023970853e-01,1.876255113203890990e-02,9.718907538261754908e+00,0.000000000000000000e+00,0.000000000000000000e+00
1.783333333333333215e+01,4.882278982741454456e+02,-1.632061080965249005e+02,-1.347778485683644689e+01,3.206432601206348210e+01,-1.366970477452561679e-02,-1.106039440754642417e-01,1.637976268915956879e-02,9.722554030489297006e+00,0.000000000000000000e+00,0.000000000000000000e+00
1.785000000000000142e+01,6.578147982604843946e+01,-1.632037802398271822e+02,-1.347808738674711293e+01,3.206379551602704225e+01,-1.806894581466163968e-02,-1.128153820352431336e-01,1.909898755298899617e-02,9.721594156959767474e+00,0.000000000000000000e+00,0.000000000000000000e+00
1.786666666666666714e+01,-1.589058124853646632e+02,-1.632014509382779295e+02,-1.347834392013076688e+01,3.206325289590029115e+01,-1.093461019825041521e-02,-1.175466232718511139e-01,2.485541533698341216e-02,9.716719490662384828e+00,0.000000000000000000e+00,0.000000000000000000e+00
1.788333333333333286e+01,-2.053124713180708341e+02,-1.631989762521244529e+02,-1.347861787428235480e+01,3.206267573654335479e+01,3.993262369272844968e-03,-1.207190003133944423e-01,2.948673635699572415e-02,9.712818508966806874e+00,0.000000000000000000e+00,0.000000000000000000e+00
1.789999999999999858e+01,-1.417973366192381945e+02,-1.631963964850202728e+02,-1.347890167557257257e+01,3.206203572801373980e+01,1.453568582611117904e-02,-1.236187580647031686e-01,3.453999296943841696e-02,9.715426227411189330e+00,0.000000000000000000e+00,0.000000000000000000e+00
1.791666666666666785e+01,-4.315503778073598085e+01,-1.631938154749850014e+02,-1.347912652614827422e+01,3.206129970446878019e+01,1.528532935716974545e-02,-1.254775260512380475e-01,4.361584304850710941e-02,9.723907396831689809e+00,0.000000000000000000e+00,0.000000000000000000e+00
1.793333333333333357e+01,3.706346526829598531e+01,-1.631910682862373392e+02,-1.347929092607412649e+01,3.206044201501471491e+01,1.892817273383360852e-02,-1.222626316377523059e-01,5.170621706867602196e-02,9.726323990385306928e+00,0.000000000000000000e+00,0.000000000000000000e+00
1.794999999999999929e+01,7.565817309435260540e+01,-1.631880889426014392e+02,-1.347937846118994365e+01,3.205952418237473012e+01,2.365625690292584918e-02,-1.214088211693202801e-01,5.577287880393372310e-02,9.720584199066999886e+00,0.000000000000000000e+00,0.000000000000000000e+00
1.796666666666666501e+01,7.471367064022815896e+01,-1.631850973346571720e+02,-1.347932839950184203e+01,3.205862382921901599e+01,1.983593792195074285e-02,-1.241617417219125774e-01,5.575978218104607476e-02,9.712554001705274942e+00,0.000000000000000000e+00,0.000000000000000000e+00
1.798333333333333428e+01,4.995694392130395300e+01,-1.631822657182403873e+02,-1.347917974454769663e+01,3.205781365465630728e+01,8.261418902049288970e-03,-1.272545961607182141e-01,5.052899021111942335e-02,9.709427015131893768e+00,0.000000000000000000e+00,0.000000000000000000e+00
1.800000000000000000e+01,1.930978763251341945e+01,-1.631796329680470876e+02,-1.347898753516525616e+01,3.205710600504261976e+01,-3.277355861891541669e-03,-1.297843219960904682e-01,4.422261684843695889e-02,9.714310707179219406e+00,0.000000000000000000e+00,0.000000000000000000e+00
1.801666666666666572e+01,-4.467319590744715185e+00,-1.631771771648034246e+02,-1.347875411681317281e+01,3.205646180073948415e+01,-8.380351493317981376e-03,-1.327235845571524409e-01,4.239021615783816754e-02,9.724709573111613992e+00,0.000000000000000000e+00,0.000000000000000000e+00
1.803333333333333144e+01,-1.619332825686330679e+01,-1.631748605442887481e+02,-1.347846395279008291e+01,3.205585317546973556e+01,-4.115685823046146864e-03,-1.349334069010609816e-01,4.236378298820100974e-02,9.734225880106723849e+00,0.000000000000000000e+00,0.000000000000000000e+00
1.805000000000000071e+01,-1.697875568215218323e+01,-1.631725461313995709e+02,-1.347812205218828474e+01,3.205532412284317445e+01,4.178611251346091120e-03,-1.392589102125143530e-01,4.049396328901969100e-02,9.737521031241875846e+00,0.000000000000000000e+00,0.000000000000000000e+00
1.806666666666666643e+01,-1.124458539737756269e+01,-1.631702288247206809e+02,-1.347780027104282574e+01,3.205492260088645651e+01,9.440530085026729509e-03,-1.400937989193523081e-01,3.377934047610060136e-02,9.733631094730180067e+00,0.000000000000000000e+00,0.000000000000000000e+00
1.808333333333333215e+01,-3.810306653447417702e+00,-1.631679540838844105e+02,-1.347759733464201659e+01,3.205463257490000473e+01,9.871529749968046413e-03,-1.360520249907476442e-01,2.548092922361581622e-02,9.729557185828335619e+00,0.000000000000000000e+00,0.000000000000000000e+00
1.810000000000000142e+01,1.949946565373171126e+00,-1.631658335526041697e+02,-1.347753859745589011e+01,3.205442499777192467e+01,3.268637942495005236e-03,-1.291791876704991293e-01,1.738046543384800038e-02,9.729083580246545182e+00,0.000000000000000000e+00,0.000000000000000000e+00
1.811666666666666714e+01,4.678601934548309416e+00,-1.631639324421834090e+02,-1.347757796136468045e+01,3.205427494851644354e+01,-9.034523919380699208e-03,-1.220187919206470462e-01,1.007914888794978273e-02,9.729770788017759742e+00,0.000000000000000000e+00,0.000000000000000000e+00
1.813333333333333286e+01,4.662337104847187774e+00,-1.631621075935035492e+02,-1.347770589939271169e+01,3.205411180832194873e+01,-1.437108903180835985e-02,-1.164122408854614404e-01,1.007910649108487849e-02,9.731246038340678695e+00,0.000000000000000000e+00,0.000000000000000000e+00
1.814999999999999858e+01,3.040034373599491690e+00,-1.631602397011478729e+02,-1.347797329138337830e+01,3.205381982100013261e+01,-1.456890972674642661e-02,-1.070834851891457051e-01,1.503422003175916566e-02,9.729521731817179386e+00,0.000000000000000000e+00,0.000000000000000000e+00
1.816666666666666785e+01,1.043826656789780261e+00,-1.631582603477000930e+02,-1.347826991133186425e+01,3.205332156675284949e+01,-1.313199941921168110e-02,-1.049218904019454807e-01,2.883030856967314440e-02,9.726917242862928248e+00,0.000000000000000000e+00,0.000000000000000000e+00
1.818333333333333357e+01,-4.744958679007671432e-01,-1.631561278596818170e+02,-1.347847870046269136e+01,3.205261549061594906e+01,-1.109056323594216457e-02,-1.103918663435347891e-01,4.739880209197310651e-02,9.725829780075663678e+00,0.000000000000000000e+00,0.000000000000000000e+00
1.819999999999999929e+01,-1.184928515300076590e+00,-1.631539308570848732e+02,-1.347859497535679729e+01,3.205180459145819327e+01,-1.248569159844113881e-02,-1.179492621110845574e-01,6.061637911472771145e-02,9.727864780081151963e+00,0.000000000000000000e+00,0.000000000000000000e+00
1.821666666666666501e+01,-1.177874151527921409e+00,-1.631518632986115449e+02,-1.347866727266670495e+01,3.205104456546430924e+01,-2.119654292690215103e-02,-1.238225965633002190e-01,6.245379524785110020e-02,9.732379344792802200e+00,0.000000000000000000e+00,0.000000000000000000e+00
1.823333333333333428e+01,3.005228267239600086e+02,-1.631500295508105864e+02,-1.347868776714372707e+01,3.205042481909288199e+01,-3.195382524437191674e-02,-1.254867453077827544e-01,5.670468831798872178e-02,9.735200536184908771e+00,0.000000000000000000e+00,0.000000000000000000e+00
1.825000000000000000e+01,9.069981226033312396e+02,-1.631483782200497785e+02,-1.347877948064159170e+01,3.204994227700417753e+01,-3.948795701348568887e-02,-1.267992866873328961e-01,4.613125712653515925e-02,9.735985742137337695e+00,0.000000000000000000e+00,0.000000000000000000e+00
1.826666666666666572e+01,1.286960890328978167e+03,-1.631468288030816041e+02,-1.347903015808512706e+01,3.204957951492004042e+01,-4.269070698141792103e-02,-1.275924391007860481e-01,3.250640385531809728e-02,9.734070474482734880e+00,0.000000000000000000e+00,0.000000000000000000e+00
1.828333333333333144e+01,1.278625310808738732e+03,-1.631452717187702888e+02,-1.347941719514945902e+01,3.204928974167087574e+01,-3.854649617651136062e-02,-1.283299153440897178e-01,2.036454393622588385e-02,9.730115060095048563e+00,0.000000000000000000e+00,0.000000000000000000e+00
1.830000000000000071e+01,9.679755295402890169e+02,-1.631435585168082412e+02,-1.347986035390279902e+01,3.204901723021538373e+01,-2.399729750451280730e-02,-1.255424713175009588e-01,1.373355574963852285e-02,9.726559945894383219e+00,0.000000000000000000e+00,0.000000000000000000e+00
1.831666666666666643e+01,5.394546493993931335e+02,-1.631415682704751760e+02,-1.348028437036915683e+01,3.204870827979326009e+01,-3.434375521488054056e-03,-1.150734774950335493e-01,1.397845707015799542e-02,9.724457723055204283e+00,0.000000000000000000e+00,0.000000000000000000e+00
1.833333333333333215e+01,4.612756060592417953e+02,-1.631393293313096251e+02,-1.348065654024351190e+01,3.204831311743021871e+01,7.007814837118814602e-03,-1.023246077555483025e-01,1.967755694078047318e-02,9.720437344441750227e+00,0.000000000000000000e+00,0.000000000000000000e+00
1.835000000000000142e+01,7.874124420145211616e+02,-1.631370168298043666e+02,-1.348100932731523116e+01,3.204785432668882805e+01,6.362194222487339151e-03,-9.356620140513759176e-02,2.449125849326819898e-02,9.716767479893745119e+00,0.000000000000000000e+00,0.000000000000000000e+00
1.836666666666666714e+01,1.044439863970542092e+03,-1.631347106767506432e+02,-1.348141619635627997e+01,3.204728290263092561e+01,-1.085741995577985380e-03,-8.930872043312501618e-02,3.215677826529790562e-02,9.717259091215524336e+00,0.000000000000000000e+00,0.000000000000000000e+00
1.838333333333333286e+01,1.048610989447015527e+03,-1.631324593786022774e+02,-1.348189522291973574e+01,3.204655934447060872e+01,-8.417360195312161009e-03,-9.028759751754557306e-02,4.408563114341156747e-02,9.722153104972974802e+00,0.000000000000000000e+00,0.000000000000000000e+00
1.839999999999999858e+01,8.253204580091041862e+02,-1.631301967241961677e+02,-1.348237779397851277e+01,3.204570678983327525e+01,-1.015284600427452180e-02,-9.579358247466257525e-02,5.412644031420420221e-02,9.727677996325230225e+00,0.000000000000000000e+00,0.000000000000000000e+00
1.841666666666666785e+01,4.973006972663772558e+02,-1.631278157899710948e+02,-1.348280288159642737e+01,3.204482618273532779e+01,-4.822624781979281856e-03,-1.034509880650667790e-01,5.508414676503662483e-02,9.730434240209355323e+00,0.000000000000000000e+00,0.000000000000000000e+00
1.843333333333333357e+01,1.908522986545699496e+02,-1.631253508663094465e+02,-1.348321102188877418e+01,3.204404138767029764e+01,4.810179364742798828e-03,-1.120386019368523611e-01,4.874924747442570261e-02,9.731430081446150737e+00,0.000000000000000000e+00,0.000000000000000000e+00
1.844999999999999929e+01,-1.644522701053602987e+01,-1.631228201265089979e+02,-1.348350150311303253e+01,3.204333797661762162e+01,7.949443411562425246e-03,-1.202644787907331536e-01,4.148284312308175154e-02,9.728717981739517739e+00,0.000000000000000000e+00,0.000000000000000000e+00
1.846666666666666501e+01,-1.067689498198972444e+02,-1.631202335193335671e+02,-1.348374398375521466e+01,3.204268051892671565e+01,7.822668071688264335e-03,-1.256630380937663882e-01,3.639197546413158735e-02,9.724420945777207947e+00,0.000000000000000000e+00,0.000000000000000000e+00
1.848333333333333428e+01,-1.060099817773565576e+02,-1.631176340377563747e+02,-1.348397326274123742e+01,3.204202842339331880e+01,4.245308249701625417e-03,-1.245203188055638288e-01,3.207944377981146455e-02,9.721386997537933894e+00,0.000000000000000000e+00,0.000000000000000000e+00
1.850000000000000000e+01,-5.812836995913584559e+01,-1.631151922639233760e+02,-1.348416907130942910e+01,3.204138004592428501e+01,-3.707192338774566338e-03,-1.203381458434162055e-01,2.837822518920693135e-02,9.721404139583611936e+00,0.000000000000000000e+00,0.000000000000000000e+00
1.851666666666666572e+01,-3.265324911975909572e+00,-1.631130726326036324e+02,-1.348429953070933252e+01,3.204076974274335754e+01,-1.236413456280153339e-02,-1.203818652774215903e-01,2.707583649083306065e-02,9.725026616775201305e+00,0.000000000000000000e+00,0.000000000000000000e+00
1.853333333333333144e+01,3.405028131734823660e+01,-1.631112351565866447e+02,-1.348434675782456793e+01,3.204022895808695637e+01,-1.498557739985025700e-02,-1.244918220851115032e-01,2.808734394180027738e-02,9.731772271053431567e+00,0.000000000000000000e+00,0.000000000000000000e+00
1.855000000000000071e+01,4.653596048931888163e+01,-1.631095244237519069e+02,-1.348444409246225284e+01,3.203973343161040077e+01,-1.429990349250806307e-02,-1.195184334804252901e-01,2.831634487053814875e-02,9.736344421605117816e+00,0.000000000000000000e+00,0.000000000000000000e+00
1.856666666666666643e+01,3.921129226412810453e+01,-1.631077815655932852e+02,-1.348472279448326283e+01,3.203926036348286743e+01,-7.555617453003495541e-03,-1.054800550009371701e-01,2.601233117565264485e-02,9.735840175695287257e+00,0.000000000000000000e+00,0.000000000000000000e+00
1.858333333333333215e+01,2.230308281643231894e+01,-1.631058929895237952e+02,-1.348517593319266794e+01,3.203882152458969301e+01,2.174513614393864223e-03,-9.241110287744802587e-02,2.176380273762493905e-02,9.731731365501570252e+00,0.000000000000000000e+00,0.000000000000000000e+00
1.860000000000000142e+01,5.353738601129037988e+00,-1.631038293080897574e+02,-1.348575087105179904e+01,3.203841271192648321e+01,8.857571418157073051e-03,-8.650207245392094180e-02,1.843486076507434845e-02,9.726672973948460310e+00,0.000000000000000000e+00,0.000000000000000000e+00
1.861666666666666714e+01,-5.924244396429454440e+00,-1.631016245532661060e+02,-1.348639369859960269e+01,3.203799981653710205e+01,1.124872321144383333e-02,-8.734674151655902330e-02,1.879885960422952168e-02,9.720885533721775218e+00,0.000000000000000000e+00,0.000000000000000000e+00
1.863333333333333286e+01,-1.010569276369553471e+01,-1.630993304533683386e+02,-1.348697964352678191e+01,3.203756701215259994e+01,1.388319898618217522e-02,-9.681027227054862794e-02,2.278436452491925529e-02,9.713170573329350077e+00,0.000000000000000000e+00,0.000000000000000000e+00
1.864999999999999858e+01,-8.794685911415237811e+00,-1.630970791257392420e+02,-1.348735587338433461e+01,3.203707479445328943e+01,1.676398166312780685e-02,-1.095100397588531782e-01,3.049481327179021789e-02,9.706851513365766237e+00,0.000000000000000000e+00,0.000000000000000000e+00
1.866666666666666785e+01,-4.816300182483256975e+00,-1.630949727803895257e+02,-1.348745703039396204e+01,3.203648129786469667e+01,1.272459849221994205e-02,-1.184110183015476270e-01,3.861918011320772393e-02,9.705958628374300901e+00,0.000000000000000000e+00,0.000000000000000000e+00
1.868333333333333357e+01,-7.275045003459794657e-01,-1.630930445354024130e+02,-1.348734452428460173e+01,3.203584246777985811e+01,4.864245014800600529e-03,-1.264350964705589220e-01,4.173795347544095174e-02,9.713864102405430856e+00,0.000000000000000000e+00,0.000000000000000000e+00
1.869999999999999929e+01,1.960334595985051998e+00,-1.630912703984404857e+02,-1.348712391486613349e+01,3.203523174080476110e+01,-2.195513002436452581e-03,-1.313283915617509678e-01,4.025413548643301531e-02,9.728054894313064693e+00,0.000000000000000000e+00,0.000000000000000000e+00
1.871666666666666501e+01,2.869833487016472784e+00,-1.630895616155046071e+02,-1.348689296661689241e+01,3.203464356636226285e+01,-7.628130065680160422e-03,-1.264213756519491083e-01,4.065969339334186972e-02,9.741391448537909170e+00,0.000000000000000000e+00,0.000000000000000000e+00
1.873333333333333428e+01,2.412663531046697951e+00,-1.630877634058567764e+02,-1.348674371383307502e+01,3.203397382204989441e+01,-9.908326496356071114e-03,-1.199621673146473305e-01,4.641850124472909900e-02,9.749400639978677674e+00,0.000000000000000000e+00,0.000000000000000000e+00
1.875000000000000000e+01,1.312848549559303191e+00,-1.630859283365086014e+02,-1.348666208088359753e+01,3.203323651822604035e+01,-1.545200491593032993e-02,-1.157996950907110301e-01,5.049732037335357554e-02,9.750106339486094953e+00,0.000000000000000000e+00,0.000000000000000000e+00
1.876666666666666572e+01,2.203662328656612601e-01,-1.630840860263950276e+02,-1.348676173024933433e+01,3.203253196092767752e+01,-2.006933129202534416e-02,-1.121222134599444559e-01,4.795308155067091321e-02,9.745892582471118004e+00,0.000000000000000000e+00,0.000000000000000000e+00
1.878333333333333144e+01,-4.872312448784152927e-01,-1.630822496679483038e+02,-1.348706115353591350e+01,3.203195134857877946e+01,-2.573430428951072740e-02,-1.078455089501258873e-01,4.056146407729881165e-02,9.737393890349173020e+00,0.000000000000000000e+00,0.000000000000000000e+00
1.880000000000000071e+01,-7.242439482525742100e-01,-1.630804388604660744e+02,-1.348748978281985345e+01,3.203148430037413164e+01,-3.071028443611493672e-02,-1.026998943741357362e-01,3.578025006179394452e-02,9.726795472648420926e+00,0.000000000000000000e+00,0.000000000000000000e+00
1.881666666666666643e+01,-6.053771039411326438e-01,-1.630786282796037767e+02,-1.348796102743207115e+01,3.203104540279435497e+01,-2.822189603882544959e-02,-9.768102025807606781e-02,3.763355789553080033e-02,9.717255183526399165e+00,0.000000000000000000e+00,0.000000000000000000e+00
1.883333333333333215e+01,-3.219583578717400418e-01,-1.630766854532522530e+02,-1.348844176163665409e+01,3.203059192903033647e+01,-1.692108299645031858e-02,-9.621442545117944722e-02,3.747539478555143855e-02,9.710137398107324458e+00,0.000000000000000000e+00,0.000000000000000000e+00
1.885000000000000142e+01,-4.286988368517058445e-02,-1.630746002377367745e+02,-1.348900047876680119e+01,3.203017306885536897e+01,8.270140320415474144e-04,-9.846521917470377194e-02,3.445816273626604864e-02,9.713948239793595008e+00,0.000000000000000000e+00,0.000000000000000000e+00
1.886666666666666714e+01,1.352952961860229564e-01,-1.630725385177075282e+02,-1.348950865864126314e+01,3.202976775109517860e+01,1.100859365201260071e-02,-1.029036771895025515e-01,3.371882573307925790e-02,9.723826196413837053e+00,0.000000000000000000e+00,0.000000000000000000e+00
1.888333333333333286e+01,1.918903862140000638e-01,-1.630705702124846539e+02,-1.348984904695966236e+01,3.202927627135780853e+01,9.998368163707147330e-03,-1.062099029150560398e-01,3.812292257995060496e-02,9.734745038807073314e+00,0.000000000000000000e+00,0.000000000000000000e+00
1.889999999999999858e+01,1.576872355135295611e-01,-1.630686821875110013e+02,-1.348996848712293506e+01,3.202862262890568701e+01,4.428322227559513061e-03,-1.085607879881180932e-01,4.686089316529739451e-02,9.741993204687416252e+00,0.000000000000000000e+00,0.000000000000000000e+00
1.891666666666666785e+01,8.255002161337642030e-02,-1.630668819694202227e+02,-1.348992318075868724e+01,3.202778908571092131e+01,-2.758199570695429523e-03,-1.100756639433729950e-01,5.869591809221231388e-02,9.742533351984249634e+00,0.000000000000000000e+00,0.000000000000000000e+00
1.893333333333333357e+01,9.920236524227687980e-03,-1.630652185164312016e+02,-1.348991822962890730e+01,3.202677039621957533e+01,-1.876039889482619683e-02,-1.043395991687089408e-01,7.377161465591827727e-02,9.739002061176902814e+00,0.000000000000000000e+00,0.000000000000000000e+00
1.894999999999999929e+01,-3.577312291789208620e-02,-1.630636346919473283e+02,-1.349011470849957561e+01,3.202563036559793375e+01,-2.872530464322056373e-02,-9.752783164296863205e-02,8.413032947975479514e-02,9.730120671636523610e+00,0.000000000000000000e+00,0.000000000000000000e+00
1.896666666666666501e+01,-4.975867258684456979e-02,-1.630621603951609302e+02,-1.349049491104896603e+01,3.202452868848735079e+01,-3.544228935485917859e-02,-9.671761055224631365e-02,8.318145440801048840e-02,9.720453037541723518e+00,0.000000000000000000e+00,0.000000000000000000e+00
1.898333333333333428e+01,-4.038937839164657290e-02,-1.630607665801197186e+02,-1.349091210691551623e+01,3.202346923576763515e+01,-3.616495928981532104e-02,-9.878264907634061454e-02,7.818254015217954156e-02,9.714196706528063885e+00,0.000000000000000000e+00,0.000000000000000000e+00
1.900000000000000000e+01,-2.072683077163556958e-02,-1.630594146100804096e+02,-1.349127514240978876e+01,3.202247360752169669e+01,-3.020023444095710358e-02,-1.017580740360094771e-01,7.203349777976772450e-02,9.713487595896729943e+00,0.000000000000000000e+00,0.000000000000000000e+00
1.901666666666666572e+01,-1.986914628369366304e-03,-1.630580912168524321e+02,-1.349155893624709535e+01,3.202163055855017859e+01,-2.404688821870770710e-02,-1.088412659026258000e-01,6.115714624340742173e-02,9.718591834893722137e+00,0.000000000000000000e+00,0.000000000000000000e+00
1.903333333333333144e+01,9.627910485938882823e-03,-1.630567606381223982e+02,-1.349164606035409619e+01,3.202091533492956898e+01,-2.149810209472514250e-02,-1.194051049097330230e-01,5.338996330671950952e-02,9.727000308683347640e+00,0.000000000000000000e+00,0.000000000000000000e+00
1.905000000000000071e+01,1.301177823577994233e-02,-1.630553807973397511e+02,-1.349147529965249603e+01,3.202024785869897983e+01,-1.449744343655218551e-02,-1.314812549828741073e-01,5.072008128413647843e-02,9.730337294222465516e+00,0.000000000000000000e+00,0.000000000000000000e+00
1.906666666666666643e+01,1.041361428828291476e-02,-1.630539319213606859e+02,-1.349121987067629291e+01,3.201963351320508622e+01,-4.484991473771769016e-03,-1.369277818075519126e-01,4.796452939754632799e-02,9.726240983877115553e+00,0.000000000000000000e+00,0.000000000000000000e+00
1.908333333333333215e+01,5.244798148560125307e-03,-1.630523441680356882e+02,-1.349099838517878247e+01,3.201904533313142309e+01,4.405224289093999726e-03,-1.363010422756173734e-01,4.613044565372647482e-02,9.720255423213728818e+00,0.000000000000000000e+00,0.000000000000000000e+00
1.910000000000000142e+01,3.946937205787058589e-04,-1.630505752547139480e+02,-1.349095359224353885e+01,3.201841906639333502e+01,9.506749552896227168e-03,-1.303131399535177870e-01,4.677788321261745763e-02,9.714970273574669690e+00,0.000000000000000000e+00,0.000000000000000000e+00
1.911666666666666714e+01,-2.566441370079005670e-03,-1.630486504601303750e+02,-1.349121962193325430e+01,3.201772063263589274e+01,9.801785495750744634e-03,-1.188875382206051323e-01,4.728954111231935264e-02,9.710407327141565403e+00,0.000000000000000000e+00,0.000000000000000000e+00
1.913333333333333286e+01,-3.387982128983809630e-03,-1.630466348324959540e+02,-1.349175693732903980e+01,3.201698738546652123e+01,4.835850768871881138e-03,-1.086369872266217396e-01,4.413044698734099047e-02,9.711013896384038446e+00,0.000000000000000000e+00,0.000000000000000000e+00
1.914999999999999858e+01,-2.675599462768995726e-03,-1.630447332535010787e+02,-1.349226970033498674e+01,3.201632855018905133e+01,-6.218412305406007326e-03,-1.061262049343949243e-01,3.897518734801599244e-02,9.714918436051133810e+00,0.000000000000000000e+00,0.000000000000000000e+00
1.916666666666666785e+01,-1.320689079118756142e-03,-1.630430885779736059e+02,-1.349253639406768457e+01,3.201572524339577797e+01,-1.266060576652275685e-02,-1.074456820109670058e-01,3.919053513424712587e-02,9.717255083252791081e+00,0.000000000000000000e+00,0.000000000000000000e+00
1.918333333333333357e+01,-6.783606040922747146e-05,-1.630417061075110610e+02,-1.349250783509341289e+01,3.201506822583731804e+01,-1.418570311300855653e-02,-1.119864596985397920e-01,4.839870609046016681e-02,9.718115484970002882e+00,0.000000000000000000e+00,0.000000000000000000e+00
1.919999999999999929e+01,6.854050719826147893e-04,-1.630405089617799490e+02,-1.349227621687145273e+01,3.201432095134551759e+01,-1.515789040438047901e-02,-1.178947837893153522e-01,5.993270945208673678e-02,9.719083224437831348e+00,0.000000000000000000e+00,0.000000000000000000e+00
1.921666666666666501e+01,8.831506883605570041e-04,-1.630393894483720487e+02,-1.349195582351588740e+01,3.201354249052927514e+01,-1.506806547989636251e-02,-1.223186702683874277e-01,6.496418870704862014e-02,9.719747819853864712e+00,0.000000000000000000e+00,0.000000000000000000e+00
1.923333333333333428e+01,6.880370440464887456e-04,-1.630382301370002551e+02,-1.349158271766628303e+01,3.201275218526497923e+01,-1.102741633751002856e-02,-1.274734479247198182e-01,6.578235952228914107e-02,9.719244655220798279e+00,0.000000000000000000e+00,0.000000000000000000e+00
1.925000000000000000e+01,3.327641630848809820e-04,-1.630369572088152665e+02,-1.349111422359208845e+01,3.201187814901867768e+01,-8.989815363077243576e-03,-1.319333474614152180e-01,7.066211569571376194e-02,9.717693494301489210e+00,0.000000000000000000e+00,0.000000000000000000e+00
1.926666666666666572e+01,9.063378355438685835e-06,-1.630354135052231186e+02,-1.349064708858194095e+01,3.201090232608559205e+01,-4.935297074574918237e-03,-1.330959078068116863e-01,7.609867997311814403e-02,9.719067646202066868e+00,0.000000000000000000e+00,0.000000000000000000e+00
1.928333333333333144e+01,-1.825429983078305008e-04,-1.630336939485045491e+02,-1.349028623342608668e+01,3.200996474438700545e+01,-1.826204571072666261e-05,-1.325416451955065966e-01,7.631457306069247548e-02,9.725007933899188828e+00,0.000000000000000000e+00,0.000000000000000000e+00
1.930000000000000071e+01,-2.299437059090800274e-04,-1.630319568736749147e+02,-1.349009247746055173e+01,3.200918632055233104e+01,3.236686090592193372e-04,-1.317806764403147701e-01,6.930778637830349587e-02,9.731856762974851804e+00,0.000000000000000000e+00,0.000000000000000000e+00
1.931666666666666643e+01,-1.767490590229686123e-04,-1.630302728153218936e+02,-1.349007260724730095e+01,3.200857656765514037e+01,-5.730733775645924233e-03,-1.298563051617082353e-01,5.832010198273063217e-02,9.733747632565512120e+00,0.000000000000000000e+00,0.000000000000000000e+00
1.933333333333333215e+01,-8.368551440851755498e-05,-1.630286636167018628e+02,-1.349016462842756070e+01,3.200807465291637044e+01,-1.178603458285776631e-02,-1.258715808301645867e-01,4.998135653094423758e-02,9.729479282648346938e+00,0.000000000000000000e+00,0.000000000000000000e+00
1.935000000000000142e+01,-1.092730752936008987e-07,-1.630271599972933245e+02,-1.349022180808404414e+01,3.200756823313561483e+01,-1.919998444070388985e-02,-1.231183757273778684e-01,4.767555215476897840e-02,9.724301519398704130e+00,0.000000000000000000e+00,0.000000000000000000e+00
1.936666666666666714e+01,4.858179816192290850e-05,-1.630257054717739891e+02,-1.349024518399452077e+01,3.200697474514146990e+01,-2.479958480933286760e-02,-1.184438835240423094e-01,4.988271566024052306e-02,9.721093774325453296e+00,0.000000000000000000e+00,0.000000000000000000e+00
1.938333333333333286e+01,5.985905412894006986e-05,-1.630241784967434455e+02,-1.349023795839186235e+01,3.200633565681698656e+01,-2.479496924228975774e-02,-1.114842615047872548e-01,4.938191843565276073e-02,9.722358710709876561e+00,0.000000000000000000e+00,0.000000000000000000e+00
1.939999999999999858e+01,4.539477661588352638e-05,-1.630225669933971062e+02,-1.349013867091973395e+01,3.200567006441033868e+01,-2.041710878759128711e-02,-1.082020903873449069e-01,5.041516934250640791e-02,9.725672683391181295e+00,0.000000000000000000e+00,0.000000000000000000e+00
1.941666666666666785e+01,2.102718103821010575e-05,-1.630209516374953864e+02,-1.348990334143066683e+01,3.200495692042260032e+01,-1.557775358819815138e-02,-1.134646898944384197e-01,5.964217224007403728e-02,9.726789519897160119e+00,0.000000000000000000e+00,0.000000000000000000e+00
1.943333333333333357e+01,0.000000000000000000e+00,0.000000000000000000e+00,0.000000000000000000e+00,0.000000000000000000e+00,0.000000000000000000e+00,0.000000000000000000e+00,0.000000000000000000e+00,0.000000000000000000e+00,0.000000000000000000e+00,0.000000000000000000e+00
